label,min_t,max_t,fname
BOAALB_F,11.218369,13.556513,INCT41_20201213_233000.wav
