label,min_t,max_t,fname
BOAALB_M,41.212746,44.164948,INCT41_20201213_233000.wav
