label,min_t,max_t,fname
BOAALB_F,16.319775,18.232801,INCT41_20201213_233000.wav
