label,min_t,max_t,fname
BOAALB_M,58.70159,59.256607,INCT41_20200126_230000.wav
