label,min_t,max_t,fname
PHYMAR_F,41.81569,42.509678,INCT41_20201016_023000.wav
