label,min_t,max_t,fname
PHYMAR_F,35.922676,36.769577,INCT41_20201016_023000.wav
