label,min_t,max_t,fname
PHYMAR_F,28.712263,29.570927,INCT41_20201016_023000.wav
