label,min_t,max_t,fname
BOALUN_F,21.466564,22.148788,INCT41_20201016_023000.wav
PHYMAR_F,22.395802,22.8663,INCT41_20201016_023000.wav
