label,min_t,max_t,fname
BOAALB_F,45.72371,46.331863,INCT41_20200218_191500.wav
