label,min_t,max_t,fname
BOAALB_M,50.35867,51.521835,INCT41_20200218_191500.wav
