label,min_t,max_t,fname
BOAALB_M,55.058575,57.04836,INCT41_20200218_191500.wav
