label,min_t,max_t,fname
BOAALB_F,53.800938,54.414993,INCT41_20200213_194500.wav
