label,min_t,max_t,fname
PHYCUV_F,55.96195,58.796062,INCT41_20200213_194500.wav
