label,min_t,max_t,fname
BOAALB_F,28.506466,29.037863,INCT41_20200213_194500.wav
