label,min_t,max_t,fname
BOAALB_F,40.090908,40.645924,INCT41_20200213_194500.wav
