label,min_t,max_t,fname
BOALUN_F,46.172447,47.64855,INCT41_20201121_194500.wav
