label,min_t,max_t,fname
BOAALB_F,42.4881,44.885284,INCT41_20201121_194500.wav
BOALUN_F,43.810684,44.885284,INCT41_20201121_194500.wav
