label,min_t,max_t,fname
BOALUN_F,1.027366,2.137395,INCT41_20201121_194500.wav
BOAALB_F,2.810497,3.27104,INCT41_20201121_194500.wav
BOAALB_F,4.026804,4.888847,INCT41_20201121_194500.wav
