label,min_t,max_t,fname
BOALUN_F,57.686035,59.587254,INCT41_20201121_194500.wav
BOAALB_F,58.642548,59.244797,INCT41_20201121_194500.wav
