label,min_t,max_t,fname
BOALUN_F,10.12015,11.100281,INCT41_20201121_194500.wav
BOALUN_F,12.186692,13.225867,INCT41_20201121_194500.wav
