label,min_t,max_t,fname
BOAALB_F,6.282287,7.959138,INCT41_20201121_194500.wav
BOALUN_F,7.699344,8.738519,INCT41_20201121_194500.wav
