label,min_t,max_t,fname
BOAALB_F,36.536457,39.713028,INCT41_20201121_194500.wav
