label,min_t,max_t,fname
BOALUN_F,26.912277,27.916025,INCT41_20201121_194500.wav
