label,min_t,max_t,fname
BOALUN_F,51.651733,54.98182,INCT41_20201121_194500.wav
