label,min_t,max_t,fname
BOALUN_F,55.560448,57.166447,INCT41_20201020_200000.wav
BOALUN_F,58.01668,59.067665,INCT41_20201020_200000.wav
