label,min_t,max_t,fname
BOALUN_F,30.206936,31.269728,INCT41_20201020_200000.wav
