label,min_t,max_t,fname
BOALUN_F,27.644423,28.341143,INCT41_20201020_200000.wav
