label,min_t,max_t,fname
BOALUN_F,41.814995,43.173008,INCT41_20201020_200000.wav
