label,min_t,max_t,fname
BOAALB_F,26.829615,28.293907,INCT41_20201213_013000.wav
