label,min_t,max_t,fname
BOALUN_F,13.627366,14.997188,INCT41_20201213_213000.wav
