label,min_t,max_t,fname
BOALUN_F,31.64761,32.922962,INCT41_20201213_213000.wav
