label,min_t,max_t,fname
BOALUN_F,40.45698,41.779568,INCT41_20201213_213000.wav
