label,min_t,max_t,fname
BOAALB_M,0.0,2.38538,INCT41_20201213_213000.wav
BOALUN_F,0.519588,2.196439,INCT41_20201213_213000.wav
