label,min_t,max_t,fname
BOALUN_F,36.961575,38.260544,INCT41_20201213_213000.wav
