label,min_t,max_t,fname
BOALUN_F,18.421743,19.437302,INCT41_20201213_213000.wav
BOAALB_F,19.437302,19.980507,INCT41_20201213_213000.wav
