label,min_t,max_t,fname
PITAZU_F,26.652483,26.971321,INCT41_20210105_183000.wav
