label,min_t,max_t,fname
PITAZU_F,38.307777,38.59119,INCT41_20210105_183000.wav
