label,min_t,max_t,fname
PITAZU_F,25.424368,25.731396,INCT41_20210110_184500.wav
