label,min_t,max_t,fname
PITAZU_F,30.939081,31.163448,INCT41_20210110_184500.wav
PITAZU_F,32.8403,33.170944,INCT41_20210110_184500.wav
