label,min_t,max_t,fname
PITAZU_F,16.685848,17.075539,INCT41_20210110_184500.wav
