label,min_t,max_t,fname
BOAALB_F,20.311153,23.263355,INCT41_20210110_184500.wav
