label,min_t,max_t,fname
PITAZU_F,57.66242,57.957638,INCT41_20210110_184500.wav
