label,min_t,max_t,fname
PITAZU_F,53.871788,54.178818,INCT41_20210110_184500.wav
