label,min_t,max_t,fname
PITAZU_F,45.05061,45.475727,INCT41_20210110_184500.wav
PITAZU_F,47.955578,48.368885,INCT41_20210110_184500.wav
