label,min_t,max_t,fname
PITAZU_F,10.509841,10.982193,INCT41_20210110_184500.wav
PITAZU_F,13.745454,14.761012,INCT41_20210110_184500.wav
