label,min_t,max_t,fname
BOAALB_F,35.060356,36.630928,INCT41_20210110_184500.wav
PITAZU_F,38.638424,39.87835,INCT41_20210110_184500.wav
