label,min_t,max_t,fname
PITAZU_F,42.133835,42.617992,INCT41_20210110_184500.wav
BOAALB_F,43.05492,43.987816,INCT41_20210110_184500.wav
