label,min_t,max_t,fname
BOAALB_F,47.89653,48.463356,INCT41_20201228_184500.wav
