label,min_t,max_t,fname
BOAALB_F,11.053046,11.856045,INCT41_20201228_184500.wav
