label,min_t,max_t,fname
BOAALB_F,27.018557,27.868792,INCT41_20201228_184500.wav
