label,min_t,max_t,fname
BOAALB_F,58.288284,58.949577,INCT41_20201228_184500.wav
