label,min_t,max_t,fname
BOAALB_F,16.685848,17.335333,INCT41_20200216_210000.wav
