label,min_t,max_t,fname
BOAALB_M,30.372257,31.033552,INCT41_20200216_210000.wav
