label,min_t,max_t,fname
BOAALB_F,15.658482,16.508717,INCT41_20210111_024500.wav
