label,min_t,max_t,fname
BOAALB_F,48.794003,49.715088,INCT41_20210111_024500.wav
