label,min_t,max_t,fname
BOAALB_F,55.643112,56.823994,INCT41_20201106_011500.wav
