label,min_t,max_t,fname
BOAALB_F,46.81012,48.227177,INCT41_20201115_013000.wav
