label,min_t,max_t,fname
BOAALB_F,32.072727,33.25361,INCT41_20201115_013000.wav
