label,min_t,max_t,fname
DENCRU_F,0.0,3.2935,INCT41_20201028_194500.wav
BOALUN_F,0.89747,2.007498,INCT41_20201028_194500.wav
PHYMAR_F,1.298969,2.220056,INCT41_20201028_194500.wav
BOAALB_F,2.2791,2.869541,INCT41_20201028_194500.wav
