label,min_t,max_t,fname
PHYMAR_F,21.562885,22.283224,INCT41_20201028_194500.wav
BOALUN_F,21.952578,23.3224,INCT41_20201028_194500.wav
BOAALB_F,22.33046,23.168884,INCT41_20201028_194500.wav
