label,min_t,max_t,fname
BOALUN_F,25.223618,26.369072,INCT41_20201028_194500.wav
BOAALB_F,26.310028,28.435614,INCT41_20201028_194500.wav
