label,min_t,max_t,fname
BOALUN_F,50.11659,52.537395,INCT41_20201028_194500.wav
