label,min_t,max_t,fname
BOALUN_F,36.20581,37.29222,INCT41_20201028_194500.wav
BOAALB_F,37.622868,38.236927,INCT41_20201028_194500.wav
BOALUN_F,38.236927,39.346954,INCT41_20201028_194500.wav
BOAALB_F,39.217056,39.724834,INCT41_20201028_194500.wav
