label,min_t,max_t,fname
PHYMAR_F,59.13852,59.988754,INCT41_20201028_194500.wav
