label,min_t,max_t,fname
BOALUN_F,30.06523,31.553139,INCT41_20201028_194500.wav
BOAALB_F,30.478539,32.52146,INCT41_20201028_194500.wav
