label,min_t,max_t,fname
BOALUN_F,45.121464,45.92446,INCT41_20201028_194500.wav
BOALUN_F,46.5149,49.10103,INCT41_20201028_194500.wav
BOAALB_F,47.105343,49.28997,INCT41_20201028_194500.wav
