label,min_t,max_t,fname
BOALUN_F,40.728584,43.102154,INCT41_20201028_194500.wav
BOAALB_F,43.208435,44.105904,INCT41_20201028_194500.wav
