label,min_t,max_t,fname
BOALUN_F,5.054171,6.317713,INCT41_20201028_194500.wav
BOAALB_F,5.620993,6.872727,INCT41_20201028_194500.wav
BOALUN_F,8.207123,9.411621,INCT41_20201028_194500.wav
