label,min_t,max_t,fname
BOAALB_F,11.667104,12.470103,INCT41_20201028_194500.wav
