label,min_t,max_t,fname
PHYCUV_M  ,17.075539,17.94939,INCT41_20200207_220000.wav
