label,min_t,max_t,fname
BOAALB_M,55.985565,56.570103,INCT41_20200131_000000.wav
