label,min_t,max_t,fname
BOAALB_F,23.066263,23.654388,INCT41_20200131_000000.wav
