label,min_t,max_t,fname
BOAALB_F,11.80881,14.170572,INCT41_20201211_031500.wav
