label,min_t,max_t,fname
BOAALB_F,46.880974,48.675915,INCT41_20201107_233000.wav
