label,min_t,max_t,fname
BOAALB_F,37.10328,39.819305,INCT41_20201107_233000.wav
