label,min_t,max_t,fname
BOAALB_F,16.815744,19.366447,INCT41_20201107_233000.wav
