label,min_t,max_t,fname
BOAALB_F,11.785192,12.588191,INCT41_20201107_233000.wav
