label,min_t,max_t,fname
PHYMAR_C,36.560074,37.457542,INCT41_20201220_013000.wav
