label,min_t,max_t,fname
PHYCUV_F,35.72165,36.489223,INCT41_20201228_214500.wav
BOALUN_F,37.351265,39.07535,INCT41_20201228_214500.wav
