label,min_t,max_t,fname
BOALUN_F,45.121464,46.550327,INCT41_20201228_214500.wav
