label,min_t,max_t,fname
BOALUN_F,41.720524,43.14939,INCT41_20201228_214500.wav
