label,min_t,max_t,fname
PHYCUV_F,51.793438,52.100468,INCT41_20201228_214500.wav
PHYCUV_F,54.391376,54.733833,INCT41_20201228_214500.wav
