label,min_t,max_t,fname
PHYCUV_F,55.54864,56.05642,INCT41_20201228_214500.wav
BOALUN_F,57.603374,59.079475,INCT41_20201228_214500.wav
