label,min_t,max_t,fname
PHYCUV_F,10.521649,12.056795,INCT41_20201228_214500.wav
BOALUN_F,12.056795,13.09597,INCT41_20201228_214500.wav
