label,min_t,max_t,fname
BOALUN_F,16.76851,18.126522,INCT41_20201228_214500.wav
