label,min_t,max_t,fname
PHYCUV_F,0.59044,0.980131,INCT41_20201228_214500.wav
PHYCUV_F,2.125586,2.668791,INCT41_20201228_214500.wav
BOALUN_F,2.999438,4.274789,INCT41_20201228_214500.wav
