label,min_t,max_t,fname
BOALUN_F,20.72446,22.389503,INCT41_20201228_214500.wav
