label,min_t,max_t,fname
BOALUN_F,32.804874,33.796814,INCT41_20201228_214500.wav
