label,min_t,max_t,fname
BOAALB_F,41.389877,42.015743,INCT41_20201228_014500.wav
