label,min_t,max_t,fname
BOAALB_F,55.643112,56.186317,INCT41_20201228_014500.wav
BOAALB_F,58.500843,59.646297,INCT41_20201228_014500.wav
