label,min_t,max_t,fname
BOAALB_F,23.227928,23.948265,INCT41_20201228_014500.wav
