label,min_t,max_t,fname
BOAALB_F,37.28041,39.323338,INCT41_20201228_014500.wav
