label,min_t,max_t,fname
BOAALB_F,58.784252,59.988754,INCT41_20201107_213000.wav
