label,min_t,max_t,fname
BOAALB_F,50.754265,54.001686,INCT41_20201107_213000.wav
