label,min_t,max_t,fname
BOAALB_F,38.18969,38.650234,INCT41_20201107_213000.wav
