label,min_t,max_t,fname
BOAALB_F,28.884348,29.687347,INCT41_20201107_213000.wav
