label,min_t,max_t,fname
BOAALB_F,42.700657,43.503654,INCT41_20201107_213000.wav
