label,min_t,max_t,fname
PHYMAR_M,21.185751,21.908936,INCT41_20201220_053000.wav
