label,min_t,max_t,fname
PHYMAR_M,50.919308,51.67806,INCT41_20201220_053000.wav
