label,min_t,max_t,fname
PHYMAR_M,37.510754,38.305073,INCT41_20201220_053000.wav
