label,min_t,max_t,fname
PHYMAR_M,25.761969,26.366598,INCT41_20201220_053000.wav
