label,min_t,max_t,fname
PHYMAR_M,58.317127,59.123302,INCT41_20201220_053000.wav
