label,min_t,max_t,fname
BOAALB_F,57.863167,58.807873,INCT41_20201220_033000.wav
