label,min_t,max_t,fname
BOAALB_F,51.415558,52.265793,INCT41_20201220_033000.wav
