label,min_t,max_t,fname
BOAALB_F,18.327272,18.988565,INCT41_20201031_230000.wav
