label,min_t,max_t,fname
BOAALB_F,23.841988,24.479662,INCT41_20200213_231500.wav
