label,min_t,max_t,fname
BOAALB_F,45.34583,46.101593,INCT41_20200213_231500.wav
