label,min_t,max_t,fname
BOAALB_F,57.367195,57.804123,INCT41_20201228_024500.wav
BOAALB_F,58.500843,59.563637,INCT41_20201228_024500.wav
