label,min_t,max_t,fname
BOAALB_F,31.009933,31.529522,INCT41_20201228_024500.wav
