label,min_t,max_t,fname
BOAALB_F,45.33402,45.889034,INCT41_20201228_024500.wav
