label,min_t,max_t,fname
BOAALB_F,17.784067,18.433552,INCT41_20201220_193000.wav
