label,min_t,max_t,fname
PHYMAR_M,10.344517,11.029428,INCT41_20201220_193000.wav
BOAALB_F,11.029428,12.942455,INCT41_20201220_193000.wav
