label,min_t,max_t,fname
PHYCUV_F,55.46598,55.891094,INCT41_20210111_210000.wav
BOALUN_F,55.93833,56.977505,INCT41_20210111_210000.wav
PHYCUV_F,57.15464,57.53252,INCT41_20210111_210000.wav
BOALUN_F,59.351078,59.90609,INCT41_20210111_210000.wav
