label,min_t,max_t,fname
BOALUN_F,16.461481,17.45342,INCT41_20210111_210000.wav
