label,min_t,max_t,fname
BOALUN_F,40.66954,41.626053,INCT41_20210111_210000.wav
PHYCUV_F,41.826805,43.326523,INCT41_20210111_210000.wav
BOALUN_F,43.420994,44.27123,INCT41_20210111_210000.wav
