label,min_t,max_t,fname
BOALUN_F,46.751076,47.60131,INCT41_20210111_210000.wav
