label,min_t,max_t,fname
BOALUN_F,26.617058,27.231115,INCT41_20210111_210000.wav
BOALUN_F,29.15595,29.994375,INCT41_20210111_210000.wav
