label,min_t,max_t,fname
BOALUN_F,32.23805,33.064667,INCT41_20210111_210000.wav
