label,min_t,max_t,fname
BOALUN_F,10.131959,11.100281,INCT41_20210111_210000.wav
BOAALB_F,12.245736,12.871602,INCT41_20210111_210000.wav
BOALUN_F,13.143205,14.253233,INCT41_20210111_210000.wav
