label,min_t,max_t,fname
PHYCUV_F,6.010684,6.294096,INCT41_20210111_210000.wav
BOALUN_F,6.979006,7.829241,INCT41_20210111_210000.wav
