label,min_t,max_t,fname
PHYCUV_F,51.710777,52.100468,INCT41_20210111_210000.wav
BOALUN_F,52.927086,53.800938,INCT41_20210111_210000.wav
PHYCUV_F,54.2851,54.698406,INCT41_20210111_210000.wav
