label,min_t,max_t,fname
BOALUN_F,23.062605,24.278913,INCT41_20210111_210000.wav
