label,min_t,max_t,fname
BOALUN_F,35.450047,36.31209,INCT41_20210111_210000.wav
PHYCUV_F,37.02062,37.49297,INCT41_20210111_210000.wav
BOALUN_F,37.941704,38.827366,INCT41_20210111_210000.wav
