label,min_t,max_t,fname
BOALUN_M,5.396626,6.128772,INCT41_20200126_190000.wav
BOAALB_M,6.245888,6.663457,INCT41_20200126_190000.wav
BOALUN_M,7.669822,8.974695,INCT41_20200126_190000.wav
