label,min_t,max_t,fname
BOALUN_M,35.293777,36.348915,INCT41_20200126_190000.wav
BOALUN_M,37.872345,38.96898,INCT41_20200126_190000.wav
