label,min_t,max_t,fname
BOALUN_M,17.276287,18.032051,INCT41_20200126_190000.wav
