label,min_t,max_t,fname
BOALUN_M,10.432827,12.092221,INCT41_20200126_190000.wav
