label,min_t,max_t,fname
BOAALB_M,46.42608,47.327095,INCT41_20200126_190000.wav
BOALUN_M,48.58378,49.99458,INCT41_20200126_190000.wav
