label,min_t,max_t,fname
BOALUN_M,20.000063,21.150045,INCT41_20200126_190000.wav
BOAALB_M,24.137768,24.825384,INCT41_20200126_190000.wav
