label,min_t,max_t,fname
BOALUN_M,51.849964,52.899174,INCT41_20200126_190000.wav
