label,min_t,max_t,fname
BOAALB_M,30.610863,33.645866,INCT41_20200126_190000.wav
BOALUN_M,32.59073,33.989674,INCT41_20200126_190000.wav
