label,min_t,max_t,fname
BOAALB_F,47.943768,49.030178,INCT41_20201031_020000.wav
