label,min_t,max_t,fname
PHYCUV_F,58.784252,59.351078,INCT41_20201031_020000.wav
