label,min_t,max_t,fname
BOALUN_F,0.129897,1.298969,INCT41_20201218_200000.wav
BOAALB_F,0.236176,1.924836,INCT41_20201218_200000.wav
