label,min_t,max_t,fname
BOAALB_M,21.149578,24.916588,INCT41_20201218_200000.wav
