label,min_t,max_t,fname
BOALUN_F,47.093533,48.321648,INCT41_20201218_200000.wav
