label,min_t,max_t,fname
BOAALB_F,55.61949,56.422493,INCT41_20201218_200000.wav
BOALUN_F,57.01293,58.61893,INCT41_20201218_200000.wav
