label,min_t,max_t,fname
BOALUN_F,32.686787,33.867664,INCT41_20201218_200000.wav
