label,min_t,max_t,fname
BOAALB_F,18.173758,18.84686,INCT41_20201218_200000.wav
