label,min_t,max_t,fname
BOAALB_F,37.50478,38.154263,INCT41_20201218_200000.wav
BOALUN_F,38.449486,39.913776,INCT41_20201218_200000.wav
