label,min_t,max_t,fname
BOAALB_F,40.397938,42.464478,INCT41_20201218_200000.wav
BOALUN_F,42.700657,44.306656,INCT41_20201218_200000.wav
