label,min_t,max_t,fname
BOALUN_F,51.344704,53.234116,INCT41_20201218_200000.wav
BOAALB_M,52.431114,53.045174,INCT41_20201218_200000.wav
PHYCUV_F,53.57657,54.048923,INCT41_20201218_200000.wav
