label,min_t,max_t,fname
BOALUN_F,10.81687,11.891471,INCT41_20201218_200000.wav
BOALUN_F,13.580131,14.926335,INCT41_20201218_200000.wav
