label,min_t,max_t,fname
BOAALB_F,20.063168,21.078726,INCT41_20200218_213000.wav
