label,min_t,max_t,fname
nan,56.221745,56.705902,INCT41_20200218_213000.wav
