label,min_t,max_t,fname
BOAALB_F,46.632988,47.34152,INCT41_20200218_213000.wav
