label,min_t,max_t,fname
BOAALB_F,12.033177,12.753514,INCT41_20200218_213000.wav
