label,min_t,max_t,fname
PHYMAR_F,38.343204,39.07535,INCT41_20201028_204500.wav
