label,min_t,max_t,fname
BOAALB_M,15.008997,19.449108,INCT41_20201028_204500.wav
BOALUN_F,15.528585,16.603186,INCT41_20201028_204500.wav
BOALUN_F,18.457169,19.579006,INCT41_20201028_204500.wav
