label,min_t,max_t,fname
BOALUN_F,12.021368,13.343955,INCT41_20201028_204500.wav
PHYMAR_F,12.39925,13.225867,INCT41_20201028_204500.wav
