label,min_t,max_t,fname
BOAALB_F,50.836926,52.96251,INCT41_20201028_204500.wav
PHYMAR_F,53.234116,54.013496,INCT41_20201028_204500.wav
BOALUN_F,53.28135,54.391376,INCT41_20201028_204500.wav
