label,min_t,max_t,fname
PHYMAR_F,20.984255,21.893534,INCT41_20201028_204500.wav
BOALUN_F,23.334208,24.940207,INCT41_20201028_204500.wav
