label,min_t,max_t,fname
BOALUN_F,30.407684,31.564947,INCT41_20201028_204500.wav
PHYMAR_F,32.899345,33.997562,INCT41_20201028_204500.wav
