label,min_t,max_t,fname
PHYMAR_F,41.437115,42.228302,INCT41_20201028_204500.wav
BOALUN_F,42.429054,43.598125,INCT41_20201028_204500.wav
PHYMAR_F,44.023243,44.967945,INCT41_20201028_204500.wav
