label,min_t,max_t,fname
BOALUN_F,55.525024,59.634487,INCT41_20201028_204500.wav
BOAALB_M,55.820244,58.996815,INCT41_20201028_204500.wav
