label,min_t,max_t,fname
PHYMAR_F,6.660169,7.486785,INCT41_20201028_204500.wav
BOALUN_F,7.982755,9.895782,INCT41_20201028_204500.wav
