label,min_t,max_t,fname
BOALUN_F,45.73552,48.20356,INCT41_20201028_204500.wav
PHYMAR_F,46.30234,47.164387,INCT41_20201028_204500.wav
BOAALB_M,48.652294,49.360825,INCT41_20201028_204500.wav
