label,min_t,max_t,fname
PHYMAR_F,26.038425,27.77432,INCT41_20201028_204500.wav
BOALUN_F,26.841425,29.002436,INCT41_20201028_204500.wav
