label,min_t,max_t,fname
BOAALB_F,58.760635,59.70534,INCT41_20201121_024500.wav
