label,min_t,max_t,fname
BOAALB_F,27.868792,29.144142,INCT41_20201121_024500.wav
