label,min_t,max_t,fname
BOAALB_F,21.775446,22.81462,INCT41_20200218_223000.wav
