label,min_t,max_t,fname
BOAALB_F,30.389973,31.718464,INCT41_20201028_184500.wav
