label,min_t,max_t,fname
BOAALB_F,48.191753,49.50253,INCT41_20201028_184500.wav
