label,min_t,max_t,fname
BOAALB_F,35.178444,36.749016,INCT41_20201028_184500.wav
