label,min_t,max_t,fname
BOAALB_F,56.487442,57.107403,INCT41_20201028_184500.wav
