label,min_t,max_t,fname
PHYCUV_F,5.715464,6.329522,INCT41_20200213_211500.wav
BOAALB_F,8.83299,9.82493,INCT41_20200213_211500.wav
