label,min_t,max_t,fname
PHYCUV_F,16.154451,16.815744,INCT41_20200213_211500.wav
BOAALB_F,17.35895,18.539831,INCT41_20200213_211500.wav
PHYCUV_F,17.996626,18.799625,INCT41_20200213_211500.wav
