label,min_t,max_t,fname
BOAALB_F,57.31996,58.406372,INCT41_20200213_211500.wav
