label,min_t,max_t,fname
PHYCUV_F,58.807873,59.492783,INCT41_20201124_030000.wav
