label,min_t,max_t,fname
PHYCUV_F,47.754826,48.60506,INCT41_20201124_030000.wav
