label,min_t,max_t,fname
BOAALB_F,36.562317,37.747864,INCT41_20201031_000000.wav
