label,min_t,max_t,fname
BOAALB_F,18.210026,19.442995,INCT41_20201031_000000.wav
