label,min_t,max_t,fname
DENCRU_F,10.821501,14.491401,INCT41_20201031_000000.wav
BOAALB_F,11.239,12.803924,INCT41_20201031_000000.wav
