label,min_t,max_t,fname
BOAALB_F,43.29623,44.481777,INCT41_20201031_000000.wav
