label,min_t,max_t,fname
BOAALB_F,21.671825,22.857374,INCT41_20201124_200000.wav
