label,min_t,max_t,fname
BOAALB_F,58.281563,59.467113,INCT41_20201124_200000.wav
