label,min_t,max_t,fname
BOAALB_M,10.309091,11.915089,INCT41_20200218_183000.wav
