label,min_t,max_t,fname
BOAALB_F,41.637863,43.243862,INCT41_20201213_023000.wav
