label,min_t,max_t,fname
BOAALB_F,56.257168,58.35914,INCT41_20201213_023000.wav
