label,min_t,max_t,fname
BOAALB_F,15.989128,18.25642,INCT41_20210113_023000.wav
