label,min_t,max_t,fname
BOALUN_F ,27.97507,28.931583,INCT41_20201013_211500.wav
