label,min_t,max_t,fname
BOALUN_F,40.68135,42.381817,INCT41_20201013_211500.wav
