label,min_t,max_t,fname
BOALUN_F,10.474414,11.891471,INCT41_20201013_211500.wav
