label,min_t,max_t,fname
BOALUN_F,51.98238,54.391376,INCT41_20201013_211500.wav
