label,min_t,max_t,fname
BOALUN_F,55.95014,57.461666,INCT41_20201013_211500.wav
