label,min_t,max_t,fname
BOALUN_F,46.467667,48.29803,INCT41_20201013_211500.wav
