label,min_t,max_t,fname
PHYMAR_C,56.823994,58.00487,INCT41_20201220_043000.wav
