label,min_t,max_t,fname
PHYMAR_C,26.546204,28.199436,INCT41_20201220_043000.wav
