label,min_t,max_t,fname
BOALUN_F,50.624367,54.733833,INCT41_20201105_191500.wav
