label,min_t,max_t,fname
BOALUN_F,21.645548,22.767385,INCT41_20201105_191500.wav
