label,min_t,max_t,fname
BOAALB_M,5.609185,6.329522,INCT41_20201105_191500.wav
BOALUN_F,7.852858,9.435239,INCT41_20201105_191500.wav
