label,min_t,max_t,fname
BOALUN_F,27.396439,28.742643,INCT41_20201105_191500.wav
