label,min_t,max_t,fname
BOAALB_M,46.373196,47.046295,INCT41_20201105_191500.wav
BOALUN_F,48.91209,49.50253,INCT41_20201105_191500.wav
