label,min_t,max_t,fname
BOAALB_M,30.54939,34.316402,INCT41_20201105_191500.wav
