label,min_t,max_t,fname
BOALUN_F,10.71059,12.281162,INCT41_20201105_191500.wav
