label,min_t,max_t,fname
BOAALB_M,0.637676,2.338144,INCT41_20201105_191500.wav
BOALUN_F,1.452484,3.330084,INCT41_20201105_191500.wav
