label,min_t,max_t,fname
BOAALB_M,55.891094,56.65867,INCT41_20201105_191500.wav
BOALUN_F,56.23355,59.62268,INCT41_20201105_191500.wav
