label,min_t,max_t,fname
BOALUN_F,40.244423,41.614246,INCT41_20201105_191500.wav
BOALUN_F,40.291103,41.940445,INCT41_20201105_191500.wav
