label,min_t,max_t,fname
BOAALB_F,40.031864,40.811245,INCT41_20201211_191500.wav
