label,min_t,max_t,fname
BOAALB_F,46.668415,48.91209,INCT41_20201211_191500.wav
