label,min_t,max_t,fname
BOAALB_F,23.80656,24.585941,INCT41_20201211_191500.wav
