label,min_t,max_t,fname
BOAALB_F,17.240862,18.25642,INCT41_20201211_191500.wav
