label,min_t,max_t,fname
BOAALB_F,31.411434,32.450607,INCT41_20201211_191500.wav
