label,min_t,max_t,fname
BOALUN_F,17.406185,19.071228,INCT41_20201218_190000.wav
