label,min_t,max_t,fname
BOALUN_F,56.13908,59.244797,INCT41_20201218_190000.wav
