label,min_t,max_t,fname
BOALUN_F,12.753514,14.253233,INCT41_20201218_190000.wav
