label,min_t,max_t,fname
BOALUN_F,30.667479,31.824741,INCT41_20201218_190000.wav
