label,min_t,max_t,fname
BOALUN_F,23.086224,24.739456,INCT41_20201218_190000.wav
