label,min_t,max_t,fname
BOAALB_F,13.084161,14.642924,INCT41_20210115_050000.wav
