label,min_t,max_t,fname
BOAALB_F,47.42418,48.191753,INCT41_20201218_220000.wav
