label,min_t,max_t,fname
BOAALB_F,55.985565,56.54058,INCT41_20201218_220000.wav
BOALUN_F,58.500843,59.599064,INCT41_20201218_220000.wav
