label,min_t,max_t,fname
BOAALB_F,21.52746,22.377693,INCT41_20201218_220000.wav
BOALUN_F,23.098032,24.526897,INCT41_20201218_220000.wav
