label,min_t,max_t,fname
BOAALB_F,32.970196,33.54883,INCT41_20201218_220000.wav
