label,min_t,max_t,fname
BOAALB_F,11.005811,11.572633,INCT41_20201218_220000.wav
