label,min_t,max_t,fname
BOAALB_M,23.971884,24.562325,INCT41_20200131_010000.wav
