label,min_t,max_t,fname
BOAALB_F,56.587814,58.61893,INCT41_20210111_044500.wav
