label,min_t,max_t,fname
BOAALB_F,41.236362,42.27554,INCT41_20210111_044500.wav
