label,min_t,max_t,fname
BOAALB_F,11.525398,12.517338,INCT41_20210111_044500.wav
