label,min_t,max_t,fname
BOAALB_F,26.971321,28.057732,INCT41_20210111_044500.wav
