label,min_t,max_t,fname
PHYCUV_M,41.48435,42.795128,INCT41_20200207_230000.wav
