label,min_t,max_t,fname
PHYCUV_M,58.205624,59.681725,INCT41_20200207_230000.wav
