label,min_t,max_t,fname
BOAALB_F,40.952953,41.66148,INCT41_20210112_050000.wav
