label,min_t,max_t,fname
BOAALB_F,10.769634,11.80881,INCT41_20210112_050000.wav
