label,min_t,max_t,fname
BOAALB_F,25.554264,26.404497,INCT41_20210112_050000.wav
