label,min_t,max_t,fname
BOALUN_F,22.909092,24.515089,INCT41_20210106_003000.wav
