label,min_t,max_t,fname
BOALUN_F,57.201874,58.760635,INCT41_20210106_003000.wav
