label,min_t,max_t,fname
BOALUN_F,36.98519,38.921837,INCT41_20210106_003000.wav
