label,min_t,max_t,fname
BOALUN_F,26.971321,29.380318,INCT41_20210106_003000.wav
