label,min_t,max_t,fname
BOALUN_F,15.304217,17.524273,INCT41_20210106_003000.wav
