label,min_t,max_t,fname
BOALUN_F,12.233927,13.650984,INCT41_20210106_003000.wav
