label,min_t,max_t,fname
BOALUN_F,0.0,1.275351,INCT41_20210106_003000.wav
BOAALB_F,0.708529,3.448172,INCT41_20210106_003000.wav
