label,min_t,max_t,fname
BOALUN_F,41.04742,41.897655,INCT41_20210106_003000.wav
