label,min_t,max_t,fname
BOAALB_F,45.251358,48.368885,INCT41_20210106_003000.wav
BOALUN_F,47.565884,49.030178,INCT41_20210106_003000.wav
