label,min_t,max_t,fname
BOALUN_F,31.222492,33.72596,INCT41_20210106_003000.wav
