label,min_t,max_t,fname
BOALUN_F,50.636177,52.28941,INCT41_20210106_003000.wav
BOALUN_F,53.517525,54.98182,INCT41_20210106_003000.wav
