label,min_t,max_t,fname
BOALUN_F,32.096344,33.619682,INCT41_20210103_213000.wav
BOAALB_F,33.466167,34.103844,INCT41_20210103_213000.wav
