label,min_t,max_t,fname
BOALUN_F,25.377132,25.577883,INCT41_20210103_213000.wav
BOALUN_F,27.443674,28.25848,INCT41_20210103_213000.wav
