label,min_t,max_t,fname
BOALUN_F,55.53683,56.729523,INCT41_20210103_213000.wav
