label,min_t,max_t,fname
BOALUN_F,10.71059,11.549016,INCT41_20210103_213000.wav
BOALUN_F,14.194189,14.926335,INCT41_20210103_213000.wav
