label,min_t,max_t,fname
BOALUN_F,42.629803,43.314713,INCT41_20210103_213000.wav
