label,min_t,max_t,fname
BOAALB_F,0.0,2.964011,INCT41_20210103_213000.wav
PHYCUV_F,0.661293,2.2791,INCT41_20210103_213000.wav
BOALUN_F,0.661293,2.326335,INCT41_20210103_213000.wav
