label,min_t,max_t,fname
BOALUN_F,50.577133,51.746204,INCT41_20210103_213000.wav
