label,min_t,max_t,fname
BOAALB_M,21.197607,23.805813,INCT41_20201106_001500.wav
