label,min_t,max_t,fname
BOAALB_F,57.665077,58.42383,INCT41_20201106_001500.wav
