label,min_t,max_t,fname
PITAZU_F,16.000937,16.47329,INCT41_20201021_010000.wav
