label,min_t,max_t,fname
BOALUN_F,46.396812,47.589504,INCT41_20201028_224500.wav
