label,min_t,max_t,fname
BOALUN_F,51.78163,52.832615,INCT41_20201028_224500.wav
BOAALB_F,53.127834,53.836365,INCT41_20201028_224500.wav
