label,min_t,max_t,fname
BOALUN_F,32.285286,33.879475,INCT41_20201028_224500.wav
BOAALB_F,33.371696,34.0448,INCT41_20201028_224500.wav
