label,min_t,max_t,fname
BOALUN_F,43.45642,44.625492,INCT41_20201028_224500.wav
