label,min_t,max_t,fname
BOALUN_F,16.024555,18.976757,INCT41_20201028_224500.wav
BOAALB_F,18.693346,19.34283,INCT41_20201028_224500.wav
