label,min_t,max_t,fname
BOALUN_F,13.025117,14.18238,INCT41_20201028_224500.wav
