label,min_t,max_t,fname
BOALUN_F,25.365322,26.888659,INCT41_20201028_224500.wav
BOAALB_F,26.156513,27.845173,INCT41_20201028_224500.wav
