label,min_t,max_t,fname
BOALUN_F,35.367386,36.819866,INCT41_20201028_224500.wav
