label,min_t,max_t,fname
BOALUN_F,20.063168,22.779194,INCT41_20201028_224500.wav
