label,min_t,max_t,fname
PHYMAR_M,16.189878,16.95745,INCT41_20201015_223000.wav
