label,min_t,max_t,fname
BOAALB_F,59.185753,59.75258,INCT41_20201218_230000.wav
