label,min_t,max_t,fname
BOAALB_F,32.308903,33.159138,INCT41_20201218_230000.wav
