label,min_t,max_t,fname
BOALUN_F,11.147516,13.131396,INCT41_20201121_234500.wav
