label,min_t,max_t,fname
BOALUN_F,35.28472,36.749016,INCT41_20201121_234500.wav
