label,min_t,max_t,fname
BOAALB_F,58.571697,59.42193,INCT41_20201121_234500.wav
