label,min_t,max_t,fname
BOALUN_F,22.436737,23.948265,INCT41_20201121_234500.wav
