label,min_t,max_t,fname
BOAALB_F,53.517525,54.46223,INCT41_20201121_234500.wav
