label,min_t,max_t,fname
BOALUN_F,45.487534,46.951828,INCT41_20201121_234500.wav
