label,min_t,max_t,fname
BOALUN_F,18.185568,19.649858,INCT41_20201121_234500.wav
