label,min_t,max_t,fname
BOAALB_F,52.211555,54.677498,INCT41_20201108_023000.wav
