label,min_t,max_t,fname
BOALUN_F,55.66673,57.402622,INCT41_20210105_193000.wav
BOALUN_F,59.457355,59.75258,INCT41_20210105_193000.wav
