label,min_t,max_t,fname
BOALUN_F,36.241238,37.221367,INCT41_20210105_193000.wav
BOALUN_F,38.910027,39.842922,INCT41_20210105_193000.wav
