label,min_t,max_t,fname
BOALUN_F,52.549202,53.954453,INCT41_20210105_193000.wav
