label,min_t,max_t,fname
BOALUN_F,22.271416,23.877413,INCT41_20210105_193000.wav
