label,min_t,max_t,fname
BOALUN_F,7.84105,8.620431,INCT41_20210105_193000.wav
BOALUN_F,9.340768,9.883974,INCT41_20210105_193000.wav
