label,min_t,max_t,fname
BOALUN_F,18.657919,19.697094,INCT41_20210105_193000.wav
