label,min_t,max_t,fname
BOALUN_F,11.938707,12.930647,INCT41_20210105_193000.wav
