label,min_t,max_t,fname
BOALUN_F,25.625116,26.498968,INCT41_20210105_193000.wav
BOALUN_F,28.27029,29.344893,INCT41_20210105_193000.wav
