label,min_t,max_t,fname
BOALUN_F,46.83374,47.861107,INCT41_20210105_193000.wav
