label,min_t,max_t,fname
BOALUN_F,30.714714,31.635801,INCT41_20210105_193000.wav
