label,min_t,max_t,fname
BOAALB_F,47.754826,48.30984,INCT41_20200213_233000.wav
