label,min_t,max_t,fname
BOAALB_F,7.167947,8.183505,INCT41_20201211_201500.wav
BOAALB_F,9.021931,9.683224,INCT41_20201211_201500.wav
