label,min_t,max_t,fname
BOAALB_F,25.412558,26.439924,INCT41_20201211_201500.wav
