label,min_t,max_t,fname
BOAALB_F,16.485098,17.099155,INCT41_20201211_201500.wav
