label,min_t,max_t,fname
BOAALB_F,35.379192,37.256794,INCT41_20201211_201500.wav
