label,min_t,max_t,fname
BOAALB_F,13.131396,13.733646,INCT41_20201211_201500.wav
