label,min_t,max_t,fname
BOAALB_F,52.927086,53.694656,INCT41_20201211_201500.wav
