label,min_t,max_t,fname
BOAALB_F,56.44611,57.390816,INCT41_20201211_201500.wav
