label,min_t,max_t,fname
BOAALB_M,17.016495,18.043861,INCT41_20201012_040000.wav
