label,min_t,max_t,fname
BOAALB_F,41.685097,43.161198,INCT41_20201016_003000.wav
