label,min_t,max_t,fname
PHYMAR_F,55.725773,56.65867,INCT41_20201016_003000.wav
BOAALB_F,58.878723,59.693535,INCT41_20201016_003000.wav
