label,min_t,max_t,fname
BOAALB_M,33.477974,33.891285,INCT41_20200127_030000.wav
