label,min_t,max_t,fname
BOAALB_M,58.60712,59.362885,INCT41_20200127_030000.wav
