label,min_t,max_t,fname
BOAALB_M,19.33102,19.909653,INCT41_20200127_030000.wav
