label,min_t,max_t,fname
PITAZU_F,46.67432,47.040394,INCT41_20201021_020000.wav
