label,min_t,max_t,fname
BOALUN_F,42.039364,42.984066,INCT41_20201107_183000.wav
