label,min_t,max_t,fname
BOALUN_F,47.872913,49.28997,INCT41_20201107_183000.wav
