label,min_t,max_t,fname
BOALUN_F,56.871227,58.35914,INCT41_20201107_183000.wav
