label,min_t,max_t,fname
BOALUN_F,30.986317,32.04911,INCT41_20201107_183000.wav
