label,min_t,max_t,fname
BOALUN_F,36.441986,38.260544,INCT41_20201107_183000.wav
