label,min_t,max_t,fname
BOALUN_F,50.99044,52.903465,INCT41_20201107_183000.wav
