label,min_t,max_t,fname
BOALUN_F,10.887722,13.178632,INCT41_20201107_183000.wav
