label,min_t,max_t,fname
BOALUN_F,16.437862,18.398125,INCT41_20201107_183000.wav
