label,min_t,max_t,fname
BOAALB_M,41.67329,42.405434,INCT41_20200130_211500.wav
