label,min_t,max_t,fname
BOAALB_F,38.70928,39.441425,INCT41_20200130_211500.wav
