label,min_t,max_t,fname
BOAALB_M,28.06954,28.837112,INCT41_20200130_211500.wav
