label,min_t,max_t,fname
BOAALB_F,56.45792,57.22549,INCT41_20200130_211500.wav
BOAALB_F,59.5164,59.988754,INCT41_20200130_211500.wav
