label,min_t,max_t,fname
BOAALB_F,16.390629,17.406185,INCT41_20200130_211500.wav
BOAALB_M,17.701406,19.767946,INCT41_20200130_211500.wav
