label,min_t,max_t,fname
BOAALB_M,51.12034,51.722588,INCT41_20200130_211500.wav
