label,min_t,max_t,fname
BOAALB_F,23.133457,24.01912,INCT41_20200130_211500.wav
