label,min_t,max_t,fname
BOAALB_F,47.766636,48.51059,INCT41_20200130_211500.wav
