label,min_t,max_t,fname
PHYCUV_F,55.560448,59.351078,INCT41_20210105_203000.wav
BOALUN_F,57.249107,58.689785,INCT41_20210105_203000.wav
