label,min_t,max_t,fname
BOALUN_F,50.163822,51.143955,INCT41_20210105_203000.wav
PHYCUV_F,51.321087,53.17507,INCT41_20210105_203000.wav
BOALUN_F,53.17507,53.930836,INCT41_20210105_203000.wav
