label,min_t,max_t,fname
PHYCUV_F,20.015932,21.385754,INCT41_20210105_203000.wav
PHYCUV_F,20.157639,21.444798,INCT41_20210105_203000.wav
BOALUN_F,22.082474,23.381443,INCT41_20210105_203000.wav
