label,min_t,max_t,fname
BOALUN_F,11.690722,12.80075,INCT41_20210105_203000.wav
PHYCUV_F,12.966073,14.902718,INCT41_20210105_203000.wav
