label,min_t,max_t,fname
BOALUN_F,5.16045,6.235051,INCT41_20210105_203000.wav
PHYCUV_F,6.94358,8.029991,INCT41_20210105_203000.wav
BOALUN_F,7.687535,9.210871,INCT41_20210105_203000.wav
