label,min_t,max_t,fname
BOALUN_F,25.070103,26.121086,INCT41_20210105_203000.wav
BOALUN_F,28.447422,29.805435,INCT41_20210105_203000.wav
