label,min_t,max_t,fname
PHYCUV_F,16.012747,17.772259,INCT41_20210105_203000.wav
BOALUN_F,17.973007,19.33102,INCT41_20210105_203000.wav
