label,min_t,max_t,fname
BOALUN_F,0.944705,2.408997,INCT41_20210105_203000.wav
PHYCUV_F,3.247423,4.428304,INCT41_20210105_203000.wav
