label,min_t,max_t,fname
BOALUN_F,40.220806,41.295406,INCT41_20210105_203000.wav
BOALUN_F,43.57451,44.54283,INCT41_20210105_203000.wav
