label,min_t,max_t,fname
BOALUN_F,36.182194,38.29597,INCT41_20210105_203000.wav
