label,min_t,max_t,fname
BOAALB_F,55.784817,56.516964,INCT41_20210103_231500.wav
