label,min_t,max_t,fname
BOAALB_F,46.52671,47.754826,INCT41_20210103_231500.wav
