label,min_t,max_t,fname
BOAALB_F,36.937958,38.89822,INCT41_20210103_231500.wav
