label,min_t,max_t,fname
BOAALB_F,16.86298,18.776007,INCT41_20210103_221500.wav
