label,min_t,max_t,fname
BOAALB_F,10.793252,14.146954,INCT41_20210103_221500.wav
