label,min_t,max_t,fname
BOALUN_F,45.251358,46.99906,INCT41_20201213_193000.wav
BOALUN_F,47.92015,49.573383,INCT41_20201213_193000.wav
