label,min_t,max_t,fname
BOALUN_F,11.997751,13.225867,INCT41_20201213_193000.wav
