label,min_t,max_t,fname
BOALUN_F,40.527836,42.511715,INCT41_20201213_193000.wav
BOALUN_F,43.291096,44.44836,INCT41_20201213_193000.wav
