label,min_t,max_t,fname
BOALUN_F,37.788193,38.850983,INCT41_20201213_193000.wav
