label,min_t,max_t,fname
BOALUN_F,51.439175,52.714527,INCT41_20201213_193000.wav
BOALUN_F,53.635612,54.533085,INCT41_20201213_193000.wav
