label,min_t,max_t,fname
BOALUN_F,27.46729,29.522024,INCT41_20201213_193000.wav
