label,min_t,max_t,fname
BOALUN_F,31.364199,32.710403,INCT41_20201213_193000.wav
