label,min_t,max_t,fname
BOALUN_F,20.807123,22.72015,INCT41_20201213_193000.wav
