label,min_t,max_t,fname
BOALUN_F,17.736832,19.083036,INCT41_20201213_193000.wav
