label,min_t,max_t,fname
BOALUN_F,55.66673,56.91846,INCT41_20201213_193000.wav
BOALUN_F,58.075726,59.70534,INCT41_20201213_193000.wav
