label,min_t,max_t,fname
BOAALB_F,46.33777,49.219116,INCT41_20201115_033000.wav
