label,min_t,max_t,fname
BOAALB_F,55.088097,59.988754,INCT41_20201115_033000.wav
