label,min_t,max_t,fname
PHYCUV_F,55.93833,59.776196,INCT41_20201114_203000.wav
BOAALB_F,57.74508,59.988754,INCT41_20201114_203000.wav
