label,min_t,max_t,fname
BOALUN_F,23.475914,24.585941,INCT41_20201114_203000.wav
