label,min_t,max_t,fname
BOAALB_F,26.08566,28.305717,INCT41_20201114_203000.wav
