label,min_t,max_t,fname
BOALUN_F,10.250047,11.737957,INCT41_20201114_203000.wav
