label,min_t,max_t,fname
BOAALB_F,51.521835,54.037113,INCT41_20201114_203000.wav
