label,min_t,max_t,fname
BOAALB_F,45.62924,47.152576,INCT41_20201114_203000.wav
PHYCUV_F,46.408623,46.928207,INCT41_20201114_203000.wav
