label,min_t,max_t,fname
BOAALB_F,56.422493,59.941517,INCT41_20201112_190000.wav
BOALUN_F,57.804123,59.02043,INCT41_20201112_190000.wav
