label,min_t,max_t,fname
BOAALB_F,42.700657,43.598125,INCT41_20201112_190000.wav
