label,min_t,max_t,fname
BOAALB_M,20.783504,23.49953,INCT41_20201112_190000.wav
