label,min_t,max_t,fname
BOAALB_F,0.472352,3.731584,INCT41_20201112_210000.wav
BOALUN_F,2.408997,3.731584,INCT41_20201112_210000.wav
