label,min_t,max_t,fname
BOALUN_F,15.705717,17.429804,INCT41_20201112_210000.wav
BOALUN_F,17.807686,19.0358,INCT41_20201112_210000.wav
