label,min_t,max_t,fname
BOALUN_F,21.964386,23.180693,INCT41_20201112_210000.wav
