label,min_t,max_t,fname
BOALUN_F,12.328397,13.88716,INCT41_20201112_210000.wav
