label,min_t,max_t,fname
BOALUN_F,45.26317,46.455856,INCT41_20201112_210000.wav
