label,min_t,max_t,fname
BOALUN_F,35.63899,37.386692,INCT41_20201112_210000.wav
