label,min_t,max_t,fname
BOAALB_F,25.270853,27.254732,INCT41_20210113_003000.wav
