label,min_t,max_t,fname
BOAALB_F,51.864292,53.139645,INCT41_20210113_003000.wav
