label,min_t,max_t,fname
BOAALB_F,56.63505,58.477226,INCT41_20210113_003000.wav
