label,min_t,max_t,fname
BOAALB_F,26.829615,27.254732,INCT41_20201213_183000.wav
