label,min_t,max_t,fname
PHYMAR_F,55.040863,55.820244,INCT41_20201028_034500.wav
