label,min_t,max_t,fname
PHYMAR_F,20.842548,21.43299,INCT41_20201028_034500.wav
