label,min_t,max_t,fname
BOALUN_F,12.316588,13.237676,INCT41_20201121_184500.wav
