label,min_t,max_t,fname
BOALUN_F,56.516964,58.32371,INCT41_20201121_184500.wav
