label,min_t,max_t,fname
BOALUN_F,21.373945,22.495783,INCT41_20201121_184500.wav
