label,min_t,max_t,fname
BOAALB_F,46.869164,47.955578,INCT41_20201121_184500.wav
BOALUN_F,46.9164,47.80206,INCT41_20201121_184500.wav
