label,min_t,max_t,fname
BOALUN_F,26.87685,28.341143,INCT41_20201121_184500.wav
