label,min_t,max_t,fname
BOALUN_F,52.041424,53.116028,INCT41_20201121_184500.wav
