label,min_t,max_t,fname
BOALUN_F,0.0,1.665042,INCT41_20201121_184500.wav
BOALUN_F,3.152952,4.593627,INCT41_20201121_184500.wav
BOAALB_F,4.074039,4.900656,INCT41_20201121_184500.wav
