label,min_t,max_t,fname
PHYMAR_C,53.800938,54.84011,INCT41_20201220_023000.wav
