label,min_t,max_t,fname
PITAZU_M,35.42643,36.040485,INCT41_20201220_023000.wav
PITAZU_M,37.457542,38.02437,INCT41_20201220_023000.wav
