label,min_t,max_t,fname
PITAZU_M,25.459793,25.979382,INCT41_20201220_023000.wav
PITAZU_M,28.860731,29.474789,INCT41_20201220_023000.wav
