label,min_t,max_t,fname
PHYMAR_C,20.689034,21.586504,INCT41_20201220_023000.wav
