label,min_t,max_t,fname
PITAZU_M,31.364199,32.11996,INCT41_20201220_023000.wav
PITAZU_M,33.44255,34.103844,INCT41_20201220_023000.wav
