label,min_t,max_t,fname
PITAZU_M,42.228302,42.700657,INCT41_20201220_023000.wav
