label,min_t,max_t,fname
PHYMAR_F,11.714339,12.470103,INCT41_20201016_013000.wav
