label,min_t,max_t,fname
PHYMAR_F,0.0,0.625867,INCT41_20201016_013000.wav
PHYMAR_F,1.08641,1.842174,INCT41_20201016_013000.wav
