label,min_t,max_t,fname
PHYMAR_F,45.22774,45.900845,INCT41_20201016_013000.wav
