label,min_t,max_t,fname
PHYMAR_F,55.595875,56.422493,INCT41_20201016_013000.wav
