label,min_t,max_t,fname
PHYMAR_F,50.340954,51.061295,INCT41_20201016_013000.wav
