label,min_t,max_t,fname
PHYMAR_F,16.579569,17.299906,INCT41_20201016_013000.wav
