label,min_t,max_t,fname
BOAALB_F,41.590626,43.45642,INCT41_20201112_231500.wav
