label,min_t,max_t,fname
BOALUN_F,45.64105,46.715652,INCT41_20201022_213000.wav
BOALUN_F,48.758575,49.844986,INCT41_20201022_213000.wav
