label,min_t,max_t,fname
BOALUN_F,42.310966,43.291096,INCT41_20201022_213000.wav
