label,min_t,max_t,fname
BOALUN_F,36.453796,37.57563,INCT41_20201022_213000.wav
