label,min_t,max_t,fname
BOALUN_F,26.428116,27.420055,INCT41_20201022_213000.wav
