label,min_t,max_t,fname
BOALUN_F,55.96195,56.989315,INCT41_20201022_213000.wav
BOALUN_F,58.807873,59.457355,INCT41_20201022_213000.wav
