label,min_t,max_t,fname
BOALUN_F,32.887535,33.844048,INCT41_20201022_213000.wav
