label,min_t,max_t,fname
BOALUN_F,52.135895,53.17507,INCT41_20201022_213000.wav
