label,min_t,max_t,fname
BOALUN_F,20.02774,21.019682,INCT41_20201022_213000.wav
BOALUN_F,23.629429,24.59775,INCT41_20201022_213000.wav
