label,min_t,max_t,fname
BOAALB_F,58.855106,59.575443,INCT41_20200130_220000.wav
