label,min_t,max_t,fname
BOAALB_F,51.439175,52.265793,INCT41_20200130_220000.wav
BOAALB_M,53.930836,54.639362,INCT41_20200130_220000.wav
