label,min_t,max_t,fname
BOAALB_M,18.693346,19.54358,INCT41_20200130_220000.wav
