label,min_t,max_t,fname
BOAALB_M,10.580693,11.230178,INCT41_20200130_220000.wav
