label,min_t,max_t,fname
BOAALB_F,26.758762,27.538143,INCT41_20201211_221500.wav
