label,min_t,max_t,fname
BOAALB_F,53.304966,54.84011,INCT41_20201211_221500.wav
