label,min_t,max_t,fname
PHYMAR_F,10.915601,11.903651,INCT41_20201028_234500.wav
