label,min_t,max_t,fname
PHYMAR_F,15.526501,16.702751,INCT41_20201028_234500.wav
BOALUN_C,18.431837,19.684546,INCT41_20201028_234500.wav
