label,min_t,max_t,fname
PHYMAR_F,40.604153,41.686302,INCT41_20201028_234500.wav
