label,min_t,max_t,fname
BOALUN_C,20.74317,24.448357,INCT41_20201028_234500.wav
