label,min_t,max_t,fname
BOALUN_M,36.616665,37.610596,INCT41_20201028_234500.wav
