label,min_t,max_t,fname
BOALUN_C,5.057875,6.004757,INCT41_20201028_234500.wav
PHYMAR_F,5.3637,6.3047,INCT41_20201028_234500.wav
