label,min_t,max_t,fname
BOAALB_M,30.52957,31.294132,INCT41_20201028_234500.wav
BOALUN_C,31.417639,32.023407,INCT41_20201028_234500.wav
