label,min_t,max_t,fname
BOALUN_C,0.276419,1.981981,INCT41_20201028_234500.wav
BOALUN_C,3.117063,4.075706,INCT41_20201028_234500.wav
