label,min_t,max_t,fname
BOAALB_F,28.364761,29.108715,INCT41_20200213_221500.wav
