label,min_t,max_t,fname
BOAALB_F,10.179194,11.218369,INCT41_20200213_203000.wav
BOAALB_M,11.761574,14.489409,INCT41_20200213_203000.wav
