label,min_t,max_t,fname
BOAALB_F,15.953702,16.922024,INCT41_20200213_203000.wav
BOAALB_M,17.335333,19.697094,INCT41_20200213_203000.wav
