label,min_t,max_t,fname
BOAALB_F,40.05548,40.716778,INCT41_20200213_203000.wav
