label,min_t,max_t,fname
BOAALB_M,35.072166,35.792503,INCT41_20200130_213000.wav
BOAALB_F,38.555763,39.264294,INCT41_20200130_213000.wav
