label,min_t,max_t,fname
BOAALB_F,33.607872,34.363636,INCT41_20200130_213000.wav
