label,min_t,max_t,fname
BOAALB_F,45.558388,46.31415,INCT41_20200130_213000.wav
BOAALB_M,48.30984,48.90028,INCT41_20200130_213000.wav
