label,min_t,max_t,fname
BOAALB_M,55.300655,55.95014,INCT41_20200130_213000.wav
