label,min_t,max_t,fname
BOAALB_M,41.66148,42.381817,INCT41_20200130_213000.wav
