label,min_t,max_t,fname
PHYMAR_F,46.632988,47.270664,INCT41_20201028_024500.wav
