label,min_t,max_t,fname
PHYMAR_F,12.009559,12.682662,INCT41_20201028_024500.wav
