label,min_t,max_t,fname
PHYMAR_F,40.244423,41.023804,INCT41_20201028_024500.wav
