label,min_t,max_t,fname
PHYMAR_F,29.120525,29.935331,INCT41_20201028_024500.wav
