label,min_t,max_t,fname
PHYMAR_F,17.925774,18.705154,INCT41_20201028_024500.wav
