label,min_t,max_t,fname
PHYMAR_F,35.001312,35.662605,INCT41_20201028_024500.wav
