label,min_t,max_t,fname
BOAALB_F,50.541706,53.65923,INCT41_20210112_223000.wav
