label,min_t,max_t,fname
BOAALB_F,55.123524,55.83205,INCT41_20210112_223000.wav
BOAALB_F,56.44611,57.249107,INCT41_20210112_223000.wav
BOAALB_F,58.477226,59.988754,INCT41_20210112_223000.wav
