label,min_t,max_t,fname
BOAALB_F,35.42643,39.819305,INCT41_20210112_223000.wav
