label,min_t,max_t,fname
BOAALB_F,10.533458,13.839925,INCT41_20210112_223000.wav
