label,min_t,max_t,fname
BOAALB_F,30.207775,32.76856,INCT41_20201124_190000.wav
