label,min_t,max_t,fname
BOAALB_F,26.698551,27.789255,INCT41_20201124_190000.wav
