label,min_t,max_t,fname
BOAALB_F,16.319775,18.468979,INCT41_20200213_213000.wav
