label,min_t,max_t,fname
BOAALB_F,47.058105,47.69578,INCT41_20200213_213000.wav
