label,min_t,max_t,fname
BOAALB_M,10.297282,12.505529,INCT41_20200213_213000.wav
