label,min_t,max_t,fname
BOAALB_F,16.296158,19.508154,INCT41_20201115_023000.wav
