label,min_t,max_t,fname
BOAALB_F,10.155576,11.100281,INCT41_20201115_023000.wav
