label,min_t,max_t,fname
BOAALB_F,16.815744,17.689596,INCT41_20201121_004500.wav
