label,min_t,max_t,fname
BOAALB_F,35.544518,36.867104,INCT41_20201121_004500.wav
