label,min_t,max_t,fname
BOAALB_F,10.503936,11.566729,INCT41_20201121_004500.wav
