label,min_t,max_t,fname
BOAALB_F,48.81762,49.880413,INCT41_20201121_004500.wav
