label,min_t,max_t,fname
BOAALB_F,14.119882,14.736368,INCT41_20200213_201500.wav
