label,min_t,max_t,fname
PHYCUV_F,37.747864,38.64888,INCT41_20200213_201500.wav
