label,min_t,max_t,fname
BOAALB_F,26.366598,26.888239,INCT41_20200213_201500.wav
