label,min_t,max_t,fname
BOAALB_F,16.402437,17.229053,INCT41_20201220_213000.wav
