label,min_t,max_t,fname
BOAALB_F,42.26373,43.279285,INCT41_20201220_213000.wav
