label,min_t,max_t,fname
BOAALB_F,40.516026,40.988377,INCT41_20200130_050000.wav
