label,min_t,max_t,fname
BOALUN_F,30.36045,31.316963,INCT41_20201231_200000.wav
BOALUN_F,31.871977,32.922962,INCT41_20201231_200000.wav
