label,min_t,max_t,fname
BOALUN_F,11.11209,12.777132,INCT41_20201231_200000.wav
