label,min_t,max_t,fname
BOALUN_F,51.88791,53.210495,INCT41_20201231_200000.wav
