label,min_t,max_t,fname
BOALUN_F,27.597189,29.002436,INCT41_20201231_200000.wav
