label,min_t,max_t,fname
PHYCUV_F,0.129897,2.597938,INCT41_20201231_200000.wav
BOALUN_F,2.656982,3.660731,INCT41_20201231_200000.wav
