label,min_t,max_t,fname
BOALUN_F,46.455856,47.61312,INCT41_20201231_200000.wav
