label,min_t,max_t,fname
BOALUN_F,17.689596,19.04761,INCT41_20201231_200000.wav
