label,min_t,max_t,fname
BOALUN_F,40.303467,41.992126,INCT41_20201231_200000.wav
BOALUN_F,43.196625,44.56645,INCT41_20201231_200000.wav
