label,min_t,max_t,fname
BOALUN_F,36.90253,38.650234,INCT41_20201231_200000.wav
