label,min_t,max_t,fname
BOAALB_F,38.780132,39.724834,INCT41_20201213_003000.wav
