label,min_t,max_t,fname
BOAALB_F,55.26523,58.571697,INCT41_20210113_013000.wav
