label,min_t,max_t,fname
BOAALB_F,32.82849,34.670666,INCT41_20210113_013000.wav
