label,min_t,max_t,fname
BOAALB_F,50.68341,53.517525,INCT41_20210113_013000.wav
