label,min_t,max_t,fname
BOAALB_F,45.487534,48.557823,INCT41_20210113_013000.wav
