label,min_t,max_t,fname
BOAALB_F,10.627929,11.761574,INCT41_20201211_011500.wav
