label,min_t,max_t,fname
BOALUN_F,57.213684,58.418182,INCT41_20201228_224500.wav
