label,min_t,max_t,fname
BOALUN_F,47.967384,49.148266,INCT41_20201228_224500.wav
