label,min_t,max_t,fname
BOAALB_F,20.488285,21.019682,INCT41_20201220_003000.wav
