label,min_t,max_t,fname
BOAALB_F,16.201687,17.477037,INCT41_20201231_010000.wav
