label,min_t,max_t,fname
PHYCUV_F,0.932896,1.298969,INCT41_20201114_213000.wav
PHYCUV_F,2.550703,2.786879,INCT41_20201114_213000.wav
PHYCUV_F,3.578069,3.979569,INCT41_20201114_213000.wav
