label,min_t,max_t,fname
PHYCUV_F,40.114525,40.49241,INCT41_20201114_213000.wav
PHYCUV_F,41.118275,41.649673,INCT41_20201114_213000.wav
