label,min_t,max_t,fname
PHYCUV_F,17.311714,18.528023,INCT41_20200213_193000.wav
