label,min_t,max_t,fname
BOAALB_F,50.884163,51.545452,INCT41_20200213_193000.wav
PHYCUV_F,52.100468,53.399437,INCT41_20200213_193000.wav
