label,min_t,max_t,fname
BOAALB_F,35.42643,36.064106,INCT41_20200213_193000.wav
