label,min_t,max_t,fname
BOAALB_F,20.252108,20.807123,INCT41_20200213_193000.wav
