label,min_t,max_t,fname
BOAALB_F,58.61893,59.988754,INCT41_20210104_001500.wav
