label,min_t,max_t,fname
BOAALB_F,37.174133,38.02437,INCT41_20210104_001500.wav
