label,min_t,max_t,fname
BOAALB_F,37.68191,38.307777,INCT41_20200126_200000.wav
