label,min_t,max_t,fname
BOAALB_F,25.837675,26.451735,INCT41_20200126_200000.wav
