label,min_t,max_t,fname
BOAALB_F,54.190628,54.76926,INCT41_20200126_200000.wav
