label,min_t,max_t,fname
BOAALB_F,45.936268,46.550327,INCT41_20200126_200000.wav
