label,min_t,max_t,fname
BOAALB_F,17.370758,17.996626,INCT41_20201218_210000.wav
