label,min_t,max_t,fname
BOAALB_F,13.426617,14.052483,INCT41_20201218_210000.wav
