label,min_t,max_t,fname
BOALUN_F,51.321087,52.253983,INCT41_20201015_183000.wav
BOALUN_F,53.517525,54.56851,INCT41_20201015_183000.wav
