label,min_t,max_t,fname
BOALUN_F,55.808434,57.603374,INCT41_20201015_183000.wav
