label,min_t,max_t,fname
BOALUN_F,11.513589,12.824367,INCT41_20201220_203000.wav
