label,min_t,max_t,fname
BOAALB_M,15.115276,17.713215,INCT41_20201220_203000.wav
BOALUN_F,15.587629,16.55595,INCT41_20201220_203000.wav
