label,min_t,max_t,fname
BOAALB_F,20.405622,21.72821,INCT41_20210112_233000.wav
