label,min_t,max_t,fname
BOAALB_F,26.924086,28.76626,INCT41_20210112_233000.wav
