label,min_t,max_t,fname
BOAALB_F,30.325024,31.694845,INCT41_20210112_233000.wav
