label,min_t,max_t,fname
BOAALB_F,35.662605,36.276665,INCT41_20210112_233000.wav
