label,min_t,max_t,fname
BOAALB_F,56.020992,57.957638,INCT41_20210112_233000.wav
