label,min_t,max_t,fname
BOAALB_F,42.086597,43.503654,INCT41_20210112_233000.wav
