label,min_t,max_t,fname
BOAALB_F,46.99906,49.549767,INCT41_20210112_233000.wav
