label,min_t,max_t,fname
BOALUN_F,43.675606,44.908577,INCT41_20201213_203000.wav
