label,min_t,max_t,fname
BOALUN_F,56.360973,57.64137,INCT41_20201213_203000.wav
PHYCUV_F,58.305275,59.799065,INCT41_20201213_203000.wav
