label,min_t,max_t,fname
BOALUN_F,38.814857,39.69216,INCT41_20201213_203000.wav
