label,min_t,max_t,fname
BOALUN_F,33.05309,33.977818,INCT41_20201213_203000.wav
