label,min_t,max_t,fname
BOAALB_F,48.652294,49.549767,INCT41_20201112_200000.wav
