label,min_t,max_t,fname
BOALUN_F,51.958763,53.18688,INCT41_20201112_200000.wav
