label,min_t,max_t,fname
BOALUN_F,32.781254,34.90684,INCT41_20201112_200000.wav
