label,min_t,max_t,fname
BOAALB_F,35.190254,36.087723,INCT41_20201112_200000.wav
BOALUN_F,36.98519,38.732895,INCT41_20201112_200000.wav
