label,min_t,max_t,fname
BOALUN_F,22.625679,24.751265,INCT41_20201112_200000.wav
