label,min_t,max_t,fname
BOAALB_F,18.941332,19.55539,INCT41_20201112_200000.wav
