label,min_t,max_t,fname
BOAALB_F,40.811245,41.803185,INCT41_20201112_200000.wav
BOALUN_F,42.606186,44.35389,INCT41_20201112_200000.wav
