label,min_t,max_t,fname
BOALUN_F,26.121086,28.388378,INCT41_20201112_200000.wav
