label,min_t,max_t,fname
BOALUN_F,12.080412,13.072352,INCT41_20201228_204500.wav
PHYCUV_F,13.497469,14.749203,INCT41_20201228_204500.wav
