label,min_t,max_t,fname
BOALUN_F,25.18819,26.971321,INCT41_20201228_204500.wav
