label,min_t,max_t,fname
BOALUN_F,21.480225,22.932709,INCT41_20201228_204500.wav
