label,min_t,max_t,fname
BOALUN_F,58.559887,59.776196,INCT41_20201228_204500.wav
