label,min_t,max_t,fname
BOALUN_F,40.504215,42.606186,INCT41_20201228_204500.wav
PHYCUV_F,42.74789,43.113964,INCT41_20201228_204500.wav
PHYCUV_F,44.12952,44.56645,INCT41_20201228_204500.wav
