label,min_t,max_t,fname
PHYCUV_F,0.755764,1.098219,INCT41_20201228_204500.wav
BOALUN_F,1.68866,3.223805,INCT41_20201228_204500.wav
