label,min_t,max_t,fname
BOALUN_F,15.682099,16.614994,INCT41_20201228_204500.wav
BOALUN_F,18.433552,19.74433,INCT41_20201228_204500.wav
