label,min_t,max_t,fname
BOALUN_F,35.72165,38.343204,INCT41_20201228_204500.wav
