label,min_t,max_t,fname
PHYCUV_F,47.105343,47.483223,INCT41_20201228_204500.wav
BOALUN_F,47.483223,48.81762,INCT41_20201228_204500.wav
