label,min_t,max_t,fname
BOALUN_F,32.226242,33.985752,INCT41_20201228_204500.wav
