label,min_t,max_t,fname
BOAALB_F,56.209934,59.374695,INCT41_20210106_033000.wav
