label,min_t,max_t,fname
BOAALB_F,47.046295,49.07741,INCT41_20210106_033000.wav
