label,min_t,max_t,fname
BOAALB_F,47.707592,48.794003,INCT41_20210111_050000.wav
