label,min_t,max_t,fname
DENCRU_F,31.600374,34.269165,INCT41_20201107_203000.wav
