label,min_t,max_t,fname
BOAALB_F,56.1627,57.201874,INCT41_20201107_203000.wav
BOAALB_F,59.776844,59.823986,INCT41_20201107_203000.wav
