label,min_t,max_t,fname
DENCRU_F,25.530645,29.049671,INCT41_20201107_203000.wav
