label,min_t,max_t,fname
BOAALB_F,52.336643,54.88735,INCT41_20201112_043000.wav
