label,min_t,max_t,fname
BOAALB_F,21.019682,24.042736,INCT41_20201231_020000.wav
