label,min_t,max_t,fname
BOAALB_F,57.201874,59.988754,INCT41_20201231_020000.wav
