label,min_t,max_t,fname
BOAALB_F,43.279285,44.094093,INCT41_20201112_220000.wav
