label,min_t,max_t,fname
BOAALB_F,57.390816,58.418182,INCT41_20201112_220000.wav
