label,min_t,max_t,fname
BOAALB_F,18.398125,19.130272,INCT41_20201112_220000.wav
