label,min_t,max_t,fname
BOAALB_F,25.270853,26.09747,INCT41_20201112_220000.wav
