label,min_t,max_t,fname
BOALUN_F,0.0,0.732146,INCT41_20201020_210000.wav
BOALUN_F,1.960262,3.707966,INCT41_20201020_210000.wav
