label,min_t,max_t,fname
BOALUN_F,12.352015,13.863542,INCT41_20201020_210000.wav
