label,min_t,max_t,fname
BOAALB_F,21.102762,22.015635,INCT41_20201124_220000.wav
