label,min_t,max_t,fname
BOALUN_F,0.0,1.517502,INCT41_20201124_220000.wav
BOAALB_F,1.96801,2.513363,INCT41_20201124_220000.wav
