label,min_t,max_t,fname
BOAALB_F,41.731304,42.335938,INCT41_20201124_220000.wav
BOAALB_F,42.66789,43.806015,INCT41_20201124_220000.wav
