label,min_t,max_t,fname
PHYCUV_F,48.903873,49.212116,INCT41_20201124_220000.wav
