label,min_t,max_t,fname
BOAALB_F,12.305993,13.005467,INCT41_20201124_220000.wav
