label,min_t,max_t,fname
PHYCUV_F,56.230564,57.179005,INCT41_20201124_220000.wav
BOAALB_F,58.649082,59.751644,INCT41_20201124_220000.wav
PHYCUV_F,59.37227,59.799065,INCT41_20201124_220000.wav
