label,min_t,max_t,fname
BOAALB_F,19.277018,19.84608,INCT41_20201124_220000.wav
