label,min_t,max_t,fname
BOAALB_F,51.784756,52.5198,INCT41_20201124_220000.wav
PHYCUV_F,52.5198,52.816185,INCT41_20201124_220000.wav
PHYCUV_F,53.634212,53.90689,INCT41_20201124_220000.wav
BOAALB_F,54.049156,54.618217,INCT41_20201124_220000.wav
