label,min_t,max_t,fname
BOAALB_F,34.072662,34.689148,INCT41_20201124_220000.wav
