label,min_t,max_t,fname
BOAALB_F,35.198933,36.07624,INCT41_20201124_220000.wav
PHYCUV_F,37.30921,37.62931,INCT41_20201124_220000.wav
BOAALB_F,38.210228,38.826714,INCT41_20201124_220000.wav
