label,min_t,max_t,fname
PHYCUV_F,17.181818,18.799625,INCT41_20200126_220000.wav
