label,min_t,max_t,fname
PHYCUV_F,37.469315,37.800484,INCT41_20200126_220000.wav
