label,min_t,max_t,fname
PHYCUV_F,20.346579,21.515652,INCT41_20200126_220000.wav
BOAALB_F,22.46613,22.980623,INCT41_20200126_220000.wav
PHYCUV_F,23.028017,23.252739,INCT41_20200126_220000.wav
