label,min_t,max_t,fname
BOAALB_F,53.199806,53.696556,INCT41_20200126_220000.wav
