label,min_t,max_t,fname
PHYCUV_F,5.585567,6.955389,INCT41_20200126_220000.wav
BOAALB_F,9.151827,9.706842,INCT41_20200126_220000.wav
