label,min_t,max_t,fname
PHYCUV_F,40.757343,41.313232,INCT41_20200126_220000.wav
PHYCUV_F,42.815315,43.193794,INCT41_20200126_220000.wav
