label,min_t,max_t,fname
BOAALB_F,25.38894,29.096907,INCT41_20201231_000000.wav
