label,min_t,max_t,fname
BOAALB_F,35.839737,37.658295,INCT41_20201231_000000.wav
BOAALB_F,38.461292,39.11078,INCT41_20201231_000000.wav
