label,min_t,max_t,fname
BOAALB_F,15.67029,17.217243,INCT41_20201231_000000.wav
