label,min_t,max_t,fname
BOALUN_F,40.149952,41.649673,INCT41_20201121_204500.wav
BOALUN_F,42.87779,43.928772,INCT41_20201121_204500.wav
