label,min_t,max_t,fname
BOALUN_F,30.25417,32.970196,INCT41_20201121_204500.wav
