label,min_t,max_t,fname
BOALUN_F,25.377132,26.439924,INCT41_20201121_204500.wav
BOALUN_F,27.632614,28.6836,INCT41_20201121_204500.wav
