label,min_t,max_t,fname
BOALUN_F,13.178632,14.265042,INCT41_20201121_204500.wav
