label,min_t,max_t,fname
BOALUN_F,45.74733,46.373196,INCT41_20201121_204500.wav
BOALUN_F,47.376945,48.097282,INCT41_20201121_204500.wav
