label,min_t,max_t,fname
BOALUN_F,15.77657,16.898407,INCT41_20201121_204500.wav
BOALUN_F,17.878538,18.85867,INCT41_20201121_204500.wav
