label,min_t,max_t,fname
BOALUN_F,57.815933,58.807873,INCT41_20201121_204500.wav
