label,min_t,max_t,fname
BOALUN_F,50.140205,51.250233,INCT41_20201121_204500.wav
