label,min_t,max_t,fname
BOAALB_F,35.839737,38.650234,INCT41_20201121_204500.wav
BOALUN_F,37.71734,38.79194,INCT41_20201121_204500.wav
