label,min_t,max_t,fname
BOALUN_F,20.22849,21.244047,INCT41_20201121_204500.wav
BOALUN_F,22.61387,23.617619,INCT41_20201121_204500.wav
