label,min_t,max_t,fname
BOAALB_F,44.164948,44.92071,INCT41_20210104_011500.wav
