label,min_t,max_t,fname
BOAALB_F,15.658482,16.27254,INCT41_20210104_011500.wav
