label,min_t,max_t,fname
PHYCUV_F,41.75595,42.55895,INCT41_20210106_043000.wav
PHYCUV_F,43.55089,44.070477,INCT41_20210106_043000.wav
