label,min_t,max_t,fname
BOAALB_F,38.638424,39.961014,INCT41_20210106_043000.wav
