label,min_t,max_t,fname
PHYCUV_F,20.92521,24.562325,INCT41_20210106_043000.wav
