label,min_t,max_t,fname
PHYCUV_F,57.485287,59.185753,INCT41_20210106_043000.wav
