label,min_t,max_t,fname
PHYMAR_F,46.72746,47.471416,INCT41_20201015_203000.wav
BOAALB_F,48.073666,48.557823,INCT41_20201015_203000.wav
