label,min_t,max_t,fname
BOALUN_F,10.309091,11.714339,INCT41_20201015_203000.wav
