label,min_t,max_t,fname
BOALUN_F,51.734394,54.686596,INCT41_20201015_203000.wav
