label,min_t,max_t,fname
BOALUN_F,40.941143,42.240112,INCT41_20201015_203000.wav
