label,min_t,max_t,fname
PHYMAR_F,55.678535,56.35164,INCT41_20201015_203000.wav
BOALUN_F,55.678535,59.847046,INCT41_20201015_203000.wav
PHYMAR_F,59.256607,59.799812,INCT41_20201015_203000.wav
