label,min_t,max_t,fname
PHYMAR_F,18.610683,19.201124,INCT41_20201015_203000.wav
