label,min_t,max_t,fname
BOALUN_F,30.077038,34.21012,INCT41_20201015_203000.wav
