label,min_t,max_t,fname
PHYMAR_F,22.31865,22.850046,INCT41_20201015_203000.wav
