label,min_t,max_t,fname
BOALUN_F,26.865042,28.778069,INCT41_20201015_203000.wav
