label,min_t,max_t,fname
BOALUN_F,36.182194,39.240673,INCT41_20201015_203000.wav
