label,min_t,max_t,fname
BOAALB_F,46.290535,47.790253,INCT41_20201107_193000.wav
