label,min_t,max_t,fname
BOAALB_F,48.34527,49.171883,INCT41_20201114_223000.wav
