label,min_t,max_t,fname
BOALUN_F,10.651546,11.997751,INCT41_20201114_223000.wav
