label,min_t,max_t,fname
BOAALB_F,59.20937,59.988754,INCT41_20201114_223000.wav
