label,min_t,max_t,fname
BOAALB_F,53.116028,53.871788,INCT41_20201114_223000.wav
