label,min_t,max_t,fname
BOALUN_F,41.87404,43.503654,INCT41_20201114_223000.wav
BOAALB_F,43.503654,44.306656,INCT41_20201114_223000.wav
