label,min_t,max_t,fname
BOALUN_F,27.053984,27.998688,INCT41_20201220_233000.wav
