label,min_t,max_t,fname
BOALUN_F,11.714339,12.588191,INCT41_20201220_233000.wav
