label,min_t,max_t,fname
BOALUN_F,40.138145,41.224552,INCT41_20201220_233000.wav
BOALUN_F,44.023243,44.979755,INCT41_20201220_233000.wav
