label,min_t,max_t,fname
BOALUN_F,22.543018,23.818369,INCT41_20201220_233000.wav
