label,min_t,max_t,fname
BOALUN_F,57.43805,58.32371,INCT41_20201220_233000.wav
BOAALB_F,58.571697,59.30384,INCT41_20201220_233000.wav
