label,min_t,max_t,fname
BOALUN_F,36.749016,37.740955,INCT41_20201220_233000.wav
BOAALB_F,38.39044,39.05173,INCT41_20201220_233000.wav
