label,min_t,max_t,fname
BOALUN_F,7.049859,7.982755,INCT41_20201220_233000.wav
BOAALB_F,9.246298,9.860356,INCT41_20201220_233000.wav
