label,min_t,max_t,fname
BOALUN_F,33.100094,33.72596,INCT41_20201220_233000.wav
