label,min_t,max_t,fname
BOAALB_F,46.651333,47.91987,INCT41_20201031_190000.wav
