label,min_t,max_t,fname
BOALUN_F,22.300167,24.031069,INCT41_20201031_190000.wav
