label,min_t,max_t,fname
BOALUN_F,25.33517,26.354742,INCT41_20201031_190000.wav
BOALUN_F,27.967089,29.780977,INCT41_20201031_190000.wav
