label,min_t,max_t,fname
BOALUN_F,31.820122,33.15979,INCT41_20201031_190000.wav
