label,min_t,max_t,fname
BOAALB_F,43.81787,44.564766,INCT41_20201031_190000.wav
