label,min_t,max_t,fname
BOALUN_F,0.86545,2.133987,INCT41_20201031_190000.wav
BOAALB_F,3.355102,4.433951,INCT41_20201031_190000.wav
