label,min_t,max_t,fname
BOALUN_F,15.850783,17.866217,INCT41_20201031_190000.wav
