label,min_t,max_t,fname
BOALUN_F,11.642086,12.614236,INCT41_20201031_190000.wav
BOALUN_F,13.598241,14.487402,INCT41_20201031_190000.wav
