label,min_t,max_t,fname
BOAALB_F,15.068041,16.012747,INCT41_20201031_010000.wav
