label,min_t,max_t,fname
BOAALB_F,35.28472,35.946014,INCT41_20201031_010000.wav
