label,min_t,max_t,fname
BOALUN_F,11.879662,13.261293,INCT41_20201105_211500.wav
