label,min_t,max_t,fname
BOALUN_F,5.136832,6.081537,INCT41_20201105_211500.wav
BOALUN_F,7.711153,9.151827,INCT41_20201105_211500.wav
