label,min_t,max_t,fname
BOAALB_F,58.465416,59.04405,INCT41_20201105_211500.wav
