label,min_t,max_t,fname
BOALUN_F,18.291845,19.390064,INCT41_20201105_211500.wav
