label,min_t,max_t,fname
BOALUN_F,26.357264,27.396439,INCT41_20201105_211500.wav
