label,min_t,max_t,fname
BOALUN_F,42.85417,44.27123,INCT41_20201105_211500.wav
BOAALB_F,43.928772,44.684536,INCT41_20201105_211500.wav
