label,min_t,max_t,fname
BOALUN_F,45.64105,46.715652,INCT41_20201105_211500.wav
BOAALB_F,48.30984,49.785942,INCT41_20201105_211500.wav
