label,min_t,max_t,fname
BOALUN_F,22.661106,23.983692,INCT41_20201105_211500.wav
