label,min_t,max_t,fname
BOAALB_F,50.848736,53.352203,INCT41_20201105_211500.wav
