label,min_t,max_t,fname
BOAALB_F,40.26804,41.094658,INCT41_20201211_001500.wav
