label,min_t,max_t,fname
BOAALB_F,56.493343,57.03655,INCT41_20201231_190000.wav
PITAZU_F,58.165565,58.50668,INCT41_20201231_190000.wav
BOAALB_F,59.185753,59.988754,INCT41_20201231_190000.wav
