label,min_t,max_t,fname
PITAZU_F,36.204975,36.428463,INCT41_20201231_190000.wav
PITAZU_F,38.369278,38.651577,INCT41_20201231_190000.wav
BOAALB_F,39.169823,39.689407,INCT41_20201231_190000.wav
