label,min_t,max_t,fname
PITAZU_F,20.949015,21.184263,INCT41_20201231_190000.wav
BOAALB_F,23.003561,23.416868,INCT41_20201231_190000.wav
PITAZU_F,24.477764,24.654202,INCT41_20201231_190000.wav
