label,min_t,max_t,fname
PITAZU_F,17.420263,17.73785,INCT41_20201231_190000.wav
BOAALB_F,18.894094,19.732521,INCT41_20201231_190000.wav
