label,min_t,max_t,fname
PITAZU_F,31.017714,31.288252,INCT41_20201231_190000.wav
