label,min_t,max_t,fname
BOAALB_F,50.50628,51.521835,INCT41_20201231_190000.wav
