label,min_t,max_t,fname
PITAZU_F,27.253714,27.594826,INCT41_20201231_190000.wav
