label,min_t,max_t,fname
PITAZU_F,45.90904,46.132526,INCT41_20201231_190000.wav
