label,min_t,max_t,fname
BOAALB_F,17.784067,18.327272,INCT41_20201211_231500.wav
