label,min_t,max_t,fname
BOAALB_F,30.171509,30.714714,INCT41_20201211_231500.wav
