label,min_t,max_t,fname
BOAALB_F,31.080788,32.82849,INCT41_20210104_041500.wav
