label,min_t,max_t,fname
BOAALB_F,48.652294,49.880413,INCT41_20210104_041500.wav
