label,min_t,max_t,fname
BOAALB_F,12.328397,13.367572,INCT41_20210106_023000.wav
