label,min_t,max_t,fname
BOAALB_F,16.67404,18.374508,INCT41_20210106_023000.wav
