label,min_t,max_t,fname
BOAALB_F,20.122211,22.035238,INCT41_20210111_014500.wav
