label,min_t,max_t,fname
BOAALB_F,31.033552,32.21443,INCT41_20210111_014500.wav
