label,min_t,max_t,fname
BOAALB_F,40.716778,44.070477,INCT41_20210111_014500.wav
