label,min_t,max_t,fname
BOAALB_F,35.237488,38.827366,INCT41_20201113_000000.wav
