label,min_t,max_t,fname
BOAALB_F,47.140766,49.549767,INCT41_20201113_000000.wav
