label,min_t,max_t,fname
BOAALB_F,10.722399,14.312277,INCT41_20201213_033000.wav
