label,min_t,max_t,fname
BOAALB_F,58.666164,59.988754,INCT41_20201105_231500.wav
