label,min_t,max_t,fname
BOAALB_F,11.856045,14.831865,INCT41_20201105_231500.wav
