label,min_t,max_t,fname
BOAALB_F,26.971321,29.85267,INCT41_20201105_231500.wav
