label,min_t,max_t,fname
PITAZU_F,56.564198,56.93027,INCT41_20210110_194500.wav
