label,min_t,max_t,fname
BOALUN_F,50.575497,52.093,INCT41_20201114_193000.wav
PHYCUV_F,51.59507,53.017727,INCT41_20201114_193000.wav
