label,min_t,max_t,fname
BOAALB_M,15.103888,16.88221,INCT41_20201114_193000.wav
BOAALB_F,17.546118,18.281157,INCT41_20201114_193000.wav
