label,min_t,max_t,fname
PHYCUV_F,41.66017,42.205524,INCT41_20201114_193000.wav
BOALUN_F,42.513767,43.912716,INCT41_20201114_193000.wav
