label,min_t,max_t,fname
BOALUN_F,21.600693,23.21304,INCT41_20201114_193000.wav
