label,min_t,max_t,fname
BOALUN_F,45.406506,48.91573,INCT41_20201114_193000.wav
PHYCUV_F,47.493073,48.39409,INCT41_20201114_193000.wav
BOAALB_F,48.797176,49.769325,INCT41_20201114_193000.wav
