label,min_t,max_t,fname
BOALUN_F,27.765545,28.761406,INCT41_20201114_193000.wav
BOAALB_F,28.334608,29.425314,INCT41_20201114_193000.wav
