label,min_t,max_t,fname
BOALUN_F,0.0,0.711329,INCT41_20201114_193000.wav
BOAALB_F,3.556645,4.315396,INCT41_20201114_193000.wav
