label,min_t,max_t,fname
BOAALB_F,55.341404,56.550663,INCT41_20201114_193000.wav
BOALUN_F,58.044453,59.4434,INCT41_20201114_193000.wav
