label,min_t,max_t,fname
BOALUN_F,30.018087,31.203636,INCT41_20201114_193000.wav
BOALUN_F,33.0768,34.262352,INCT41_20201114_193000.wav
PHYCUV_F,34.262352,34.8077,INCT41_20201114_193000.wav
