label,min_t,max_t,fname
BOAALB_M,10.006029,11.689508,INCT41_20201114_193000.wav
BOALUN_F,12.732791,13.799784,INCT41_20201114_193000.wav
