label,min_t,max_t,fname
BOALUN_F,35.542744,37.48704,INCT41_20201114_193000.wav
PHYCUV_F,36.9654,37.297356,INCT41_20201114_193000.wav
PHYCUV_F,38.36435,39.09939,INCT41_20201114_193000.wav
