label,min_t,max_t,fname
PHYCUV_F,58.42999,59.374695,INCT41_20201124_010000.wav
