label,min_t,max_t,fname
PHYCUV_F,28.152203,28.813496,INCT41_20201124_010000.wav
