label,min_t,max_t,fname
PHYCUV_F,32.82849,34.765137,INCT41_20201124_010000.wav
