label,min_t,max_t,fname
BOAALB_F,50.943207,51.840675,INCT41_20201114_183000.wav
