label,min_t,max_t,fname
BOAALB_F,46.81012,47.565884,INCT41_20201114_183000.wav
