label,min_t,max_t,fname
BOAALB_F,55.66673,57.414433,INCT41_20201114_183000.wav
