label,min_t,max_t,fname
BOAALB_F,30.466728,31.553139,INCT41_20201114_183000.wav
