label,min_t,max_t,fname
BOAALB_F,10.41537,10.970384,INCT41_20201105_221500.wav
