label,min_t,max_t,fname
BOAALB_M,58.642548,59.988754,INCT41_20201105_221500.wav
