label,min_t,max_t,fname
BOAALB_F,7.14433,7.864667,INCT41_20201028_214500.wav
PHYCUV_F,8.301593,9.647797,INCT41_20201028_214500.wav
BOAALB_F,8.880225,9.42343,INCT41_20201028_214500.wav
