label,min_t,max_t,fname
PHYMAR_F,30.880037,31.777508,INCT41_20201028_214500.wav
PHYCUV_F,30.986317,32.1672,INCT41_20201028_214500.wav
BOAALB_F,33.844048,34.682472,INCT41_20201028_214500.wav
