label,min_t,max_t,fname
PHYMAR_F,26.640675,27.597189,INCT41_20201028_214500.wav
PHYCUV_F,28.589128,28.943392,INCT41_20201028_214500.wav
BOAALB_F,28.789879,29.85267,INCT41_20201028_214500.wav
