label,min_t,max_t,fname
PHYMAR_F,55.040863,56.694096,INCT41_20201028_214500.wav
PHYCUV_F,58.193813,59.693535,INCT41_20201028_214500.wav
PHYMAR_F,58.878723,59.693535,INCT41_20201028_214500.wav
BOAALB_F,59.339268,59.882473,INCT41_20201028_214500.wav
