label,min_t,max_t,fname
BOAALB_M,15.752952,19.992315,INCT41_20201028_214500.wav
