label,min_t,max_t,fname
BOAALB_M,10.391752,11.123899,INCT41_20201028_214500.wav
