label,min_t,max_t,fname
PHYMAR_F,43.95239,44.74358,INCT41_20201028_214500.wav
PHYCUV_F,44.672726,44.991566,INCT41_20201028_214500.wav
