label,min_t,max_t,fname
PHYCUV_F,0.318838,0.59044,INCT41_20201028_214500.wav
BOAALB_F,0.543205,1.157263,INCT41_20201028_214500.wav
BOAALB_F,2.999438,3.530834,INCT41_20201028_214500.wav
PHYMAR_F,4.062231,4.841612,INCT41_20201028_214500.wav
