label,min_t,max_t,fname
DENCRU_M,1.157263,3.613496,INCT41_20200216_230000.wav
PHYCUV_M,1.322587,4.546392,INCT41_20200216_230000.wav
