label,min_t,max_t,fname
BOAALB_F,25.270853,27.301968,INCT41_20201115_003000.wav
