label,min_t,max_t,fname
BOAALB_F,18.091097,19.55539,INCT41_20201115_003000.wav
