label,min_t,max_t,fname
BOAALB_F,25.365322,26.87685,INCT41_20201220_223000.wav
