label,min_t,max_t,fname
BOAALB_F,10.533458,11.714339,INCT41_20201220_223000.wav
