label,min_t,max_t,fname
BOAALB_F,52.525585,53.47029,INCT41_20201220_223000.wav
