label,min_t,max_t,fname
BOALUN_F,12.576382,13.509278,INCT41_20210105_214500.wav
