label,min_t,max_t,fname
BOALUN_F,41.25998,42.712463,INCT41_20210105_214500.wav
