label,min_t,max_t,fname
BOALUN_F,0.732146,1.700469,INCT41_20210105_214500.wav
BOALUN_F,3.519025,4.723524,INCT41_20210105_214500.wav
