label,min_t,max_t,fname
BOALUN_F,22.342268,23.841988,INCT41_20210105_214500.wav
