label,min_t,max_t,fname
BOALUN_F,36.571884,37.19775,INCT41_20210105_214500.wav
BOALUN_F,38.650234,39.59494,INCT41_20210105_214500.wav
