label,min_t,max_t,fname
BOALUN_F ,25.140957,26.180132,INCT41_20210105_214500.wav
BOALUN_F,28.742643,29.710964,INCT41_20210105_214500.wav
