label,min_t,max_t,fname
BOALUN_F,56.812183,57.83955,INCT41_20210105_214500.wav
