label,min_t,max_t,fname
BOAALB_F,58.707497,59.262512,INCT41_20200130_200000.wav
