label,min_t,max_t,fname
BOAALB_M,18.587067,19.130272,INCT41_20200130_200000.wav
