label,min_t,max_t,fname
BOAALB_F,30.260075,30.815088,INCT41_20200130_200000.wav
BOAALB_F,33.761387,34.269165,INCT41_20200130_200000.wav
