label,min_t,max_t,fname
BOAALB_M,20.13402,20.759888,INCT41_20200130_200000.wav
