label,min_t,max_t,fname
BOAALB_M,5.644611,6.217338,INCT41_20200130_200000.wav
BOAALB_M ,8.744424,9.264011,INCT41_20200130_200000.wav
