label,min_t,max_t,fname
BOAALB_M,38.142456,38.732895,INCT41_20200130_200000.wav
