label,min_t,max_t,fname
BOAALB_F,45.28088,45.871323,INCT41_20200130_200000.wav
BOAALB_M,48.72315,49.41987,INCT41_20200130_200000.wav
