label,min_t,max_t,fname
BOAALB_F,12.062699,12.517338,INCT41_20200130_200000.wav
