label,min_t,max_t,fname
BOAALB_F,50.60075,51.356514,INCT41_20200130_200000.wav
BOAALB_M,54.102062,54.686596,INCT41_20200130_200000.wav
