label,min_t,max_t,fname
DENCRU_M,41.380478,42.01565,INCT41_20200216_200000.wav
