label,min_t,max_t,fname
BOAALB_F,59.292034,59.988754,INCT41_20201218_050000.wav
