label,min_t,max_t,fname
BOALUN_M,41.106464,43.078537,INCT41_20201031_200000.wav
BOAALB_F,42.52352,43.23205,INCT41_20201031_200000.wav
