label,min_t,max_t,fname
BOAALB_F,45.416683,49.478912,INCT41_20201031_200000.wav
BOALUN_F,45.570194,46.975445,INCT41_20201031_200000.wav
