label,min_t,max_t,fname
BOALUN_F,18.25642,19.673477,INCT41_20201031_200000.wav
