label,min_t,max_t,fname
BOALUN_F,22.483974,23.735706,INCT41_20201031_200000.wav
