label,min_t,max_t,fname
BOALUN_F,53.529335,54.910965,INCT41_20201031_200000.wav
