label,min_t,max_t,fname
BOALUN_M,35.21387,35.99325,INCT41_20201031_200000.wav
BOAALB_F,35.70984,37.42212,INCT41_20201031_200000.wav
BOALUN_F,37.42212,38.910027,INCT41_20201031_200000.wav
