label,min_t,max_t,fname
BOALUN_F,26.78238,28.128584,INCT41_20201031_200000.wav
