label,min_t,max_t,fname
BOALUN_M,31.175257,32.91115,INCT41_20201031_200000.wav
BOAALB_F,31.883785,32.91115,INCT41_20201031_200000.wav
