label,min_t,max_t,fname
BOAALB_M,23.91284,24.432426,INCT41_20200127_010000.wav
