label,min_t,max_t,fname
BOAALB_M,59.62268,59.988754,INCT41_20200127_020000.wav
