label,min_t,max_t,fname
BOAALB_M,30.513964,31.104404,INCT41_20200127_020000.wav
