label,min_t,max_t,fname
BOAALB_M,10.793252,11.336457,INCT41_20200127_020000.wav
