label,min_t,max_t,fname
BOAALB_F,54.16701,54.863728,INCT41_20201228_004500.wav
