label,min_t,max_t,fname
PHYCUV_F,58.276474,58.61893,INCT41_20201228_004500.wav
PHYCUV_F,59.563637,59.858856,INCT41_20201228_004500.wav
