label,min_t,max_t,fname
PHYCUV_F,0.531396,0.968322,INCT41_20201228_004500.wav
PHYCUV_F,3.613496,4.062231,INCT41_20201228_004500.wav
