label,min_t,max_t,fname
BOAALB_F,17.524273,18.032051,INCT41_20201228_004500.wav
