label,min_t,max_t,fname
PHYCUV_F,35.143017,37.32765,INCT41_20201228_004500.wav
BOAALB_F,37.126896,37.788193,INCT41_20201228_004500.wav
