label,min_t,max_t,fname
BOAALB_F,25.766823,26.357264,INCT41_20201228_004500.wav
