label,min_t,max_t,fname
PHYCUV_F,5.006935,5.467479,INCT41_20201228_004500.wav
PHYCUV_F,6.187816,6.494845,INCT41_20201228_004500.wav
BOAALB_F,7.593065,8.171696,INCT41_20201228_004500.wav
