label,min_t,max_t,fname
PHYCUV_F,22.070665,22.495783,INCT41_20201228_004500.wav
PHYCUV_F,23.381443,23.676662,INCT41_20201228_004500.wav
