label,min_t,max_t,fname
BOAALB_M,50.83632,54.440388,INCT41_20201231_220000.wav
