label,min_t,max_t,fname
PHYCUV_F,20.332155,20.758953,INCT41_20201231_220000.wav
