label,min_t,max_t,fname
BOALUN_F,41.185955,41.84986,INCT41_20201231_220000.wav
