label,min_t,max_t,fname
BOAALB_F,59.455257,59.988754,INCT41_20200217_011500.wav
