label,min_t,max_t,fname
BOALUN_M,26.050234,26.78238,INCT41_20201105_201500.wav
