label,min_t,max_t,fname
BOALUN_M,41.87404,42.984066,INCT41_20201105_201500.wav
