label,min_t,max_t,fname
BOALUN_M,5.432052,6.530272,INCT41_20201105_201500.wav
BOALUN_M,7.947329,9.021931,INCT41_20201105_201500.wav
