label,min_t,max_t,fname
BOALUN_M,52.112278,53.19869,INCT41_20201105_201500.wav
