label,min_t,max_t,fname
BOAALB_M,46.12521,49.856792,INCT41_20201105_201500.wav
BOALUN_M,47.294285,47.92015,INCT41_20201105_201500.wav
