label,min_t,max_t,fname
BOALUN_M,11.360075,11.950515,INCT41_20201105_201500.wav
BOALUN_M,13.910778,14.914527,INCT41_20201105_201500.wav
