label,min_t,max_t,fname
BOALUN_M,16.27254,17.099155,INCT41_20201105_201500.wav
BOALUN_M,19.04761,19.756138,INCT41_20201105_201500.wav
