label,min_t,max_t,fname
BOALUN_M,36.878914,37.646484,INCT41_20201105_201500.wav
