label,min_t,max_t,fname
BOALUN_M,32.757637,33.477974,INCT41_20201105_201500.wav
