label,min_t,max_t,fname
BOALUN_M,55.27704,56.328022,INCT41_20201105_201500.wav
BOALUN_M,57.957638,59.103092,INCT41_20201105_201500.wav
BOAALB_M,58.500843,59.39831,INCT41_20201105_201500.wav
