label,min_t,max_t,fname
BOALUN_M,21.291285,22.12971,INCT41_20201105_201500.wav
BOALUN_M,24.089972,24.751265,INCT41_20201105_201500.wav
