label,min_t,max_t,fname
BOAALB_F,10.598803,12.140016,INCT41_20201121_224500.wav
