label,min_t,max_t,fname
BOAALB_F,18.162603,19.751238,INCT41_20201121_224500.wav
