label,min_t,max_t,fname
BOAALB_F,41.470486,43.74674,INCT41_20201121_224500.wav
