label,min_t,max_t,fname
BOAALB_F,32.367947,32.93477,INCT41_20200130_230000.wav
