label,min_t,max_t,fname
BOAALB_M,49.030178,49.656044,INCT41_20200130_230000.wav
