label,min_t,max_t,fname
BOAALB_M,38.80375,39.323338,INCT41_20200130_230000.wav
