label,min_t,max_t,fname
BOAALB_M,18.705154,19.24836,INCT41_20200130_230000.wav
