label,min_t,max_t,fname
BOAALB_F,35.166634,36.12315,INCT41_20201211_211500.wav
