label,min_t,max_t,fname
BOAALB_F,18.067478,18.764198,INCT41_20201211_211500.wav
