label,min_t,max_t,fname
BOAALB_F,28.293907,29.06148,INCT41_20201211_211500.wav
