label,min_t,max_t,fname
BOAALB_F,35.49728,37.056046,INCT41_20201124_000000.wav
