label,min_t,max_t,fname
PHYCUV_F,0.49597,3.96776,INCT41_20201124_000000.wav
BOAALB_F,1.842174,2.338144,INCT41_20201124_000000.wav
