label,min_t,max_t,fname
BOAALB_F,55.73758,56.398876,INCT41_20201124_000000.wav
