label,min_t,max_t,fname
BOAALB_F,7.226991,8.171696,INCT41_20201124_000000.wav
BOAALB_F,9.234489,9.966635,INCT41_20201124_000000.wav
