label,min_t,max_t,fname
BOALUN_F,27.29016,27.880598,INCT41_20201124_230000.wav
