label,min_t,max_t,fname
BOALUN_F,30.73833,31.801125,INCT41_20201124_230000.wav
