label,min_t,max_t,fname
BOALUN_F,1.724086,2.751453,INCT41_20201124_230000.wav
BOAALB_F,2.893158,3.353702,INCT41_20201124_230000.wav
