label,min_t,max_t,fname
BOALUN_F,41.85042,42.925022,INCT41_20201124_230000.wav
BOAALB_F,43.82249,44.495594,INCT41_20201124_230000.wav
