label,min_t,max_t,fname
BOAALB_F,49.171883,49.715088,INCT41_20201124_230000.wav
