label,min_t,max_t,fname
BOALUN_F,5.042362,6.235051,INCT41_20201124_230000.wav
BOAALB_F,8.23074,9.317151,INCT41_20201124_230000.wav
