label,min_t,max_t,fname
BOALUN_F,10.167385,11.31284,INCT41_20201124_230000.wav
BOALUN_F,12.316588,13.509278,INCT41_20201124_230000.wav
BOAALB_F,13.698219,14.170572,INCT41_20201124_230000.wav
