label,min_t,max_t,fname
BOAALB_F,35.41462,37.10328,INCT41_20201124_230000.wav
BOALUN_F,37.50478,38.921837,INCT41_20201124_230000.wav
