label,min_t,max_t,fname
BOAALB_F,23.877413,24.30253,INCT41_20201124_230000.wav
