label,min_t,max_t,fname
BOALUN_F,16.26073,17.878538,INCT41_20201124_230000.wav
BOAALB_F,18.220993,19.14208,INCT41_20201124_230000.wav
