label,min_t,max_t,fname
BOALUN_F,26.203749,27.538143,INCT41_20201020_190000.wav
