label,min_t,max_t,fname
BOALUN_F,36.394753,37.28041,INCT41_20201020_190000.wav
BOALUN_F,38.331394,39.48866,INCT41_20201020_190000.wav
