label,min_t,max_t,fname
BOALUN_F,30.336832,31.84836,INCT41_20201020_190000.wav
