label,min_t,max_t,fname
BOAALB_F,42.417244,43.73983,INCT41_20210111_034500.wav
