label,min_t,max_t,fname
BOAALB_F,23.428679,24.515089,INCT41_20210111_034500.wav
