label,min_t,max_t,fname
BOAALB_F,25.365322,26.498968,INCT41_20201106_021500.wav
