label,min_t,max_t,fname
BOAALB_F,48.60506,49.738705,INCT41_20201106_021500.wav
