label,min_t,max_t,fname
PHYMAR_F,17.524273,18.138332,INCT41_20201028_014500.wav
