label,min_t,max_t,fname
PHYMAR_F,11.891471,12.69447,INCT41_20201028_014500.wav
