label,min_t,max_t,fname
PHYMAR_F,26.121086,26.87685,INCT41_20201028_014500.wav
