label,min_t,max_t,fname
PITAZU_M,33.785004,34.198315,INCT41_20201021_000000.wav
