label,min_t,max_t,fname
PITAZU_F,49.51434,49.868603,INCT41_20201021_000000.wav
