label,min_t,max_t,fname
BOALUN_F,15.398688,16.650421,INCT41_20210105_223000.wav
