label,min_t,max_t,fname
BOALUN_F,27.372822,28.447422,INCT41_20210105_223000.wav
