label,min_t,max_t,fname
BOAALB_F,0.0,4.629053,INCT41_20210105_223000.wav
BOALUN_F,0.141706,1.298969,INCT41_20210105_223000.wav
