label,min_t,max_t,fname
BOALUN_F,35.166634,37.10328,INCT41_20210105_223000.wav
