label,min_t,max_t,fname
BOALUN_F,12.422868,13.981631,INCT41_20210105_223000.wav
