label,min_t,max_t,fname
BOALUN_F,57.863167,59.374695,INCT41_20210105_223000.wav
