label,min_t,max_t,fname
BOALUN_F,47.849297,49.148266,INCT41_20210105_223000.wav
