label,min_t,max_t,fname
BOALUN_F,20.346579,21.515652,INCT41_20210105_223000.wav
BOALUN_F,22.968136,23.983692,INCT41_20210105_223000.wav
