label,min_t,max_t,fname
PHYCUV_F,11.489972,13.875351,INCT41_20201231_230000.wav
