label,min_t,max_t,fname
PHYCUV_F,15.894658,16.296158,INCT41_20201231_230000.wav
