label,min_t,max_t,fname
PHYCUV_F,2.361762,2.656982,INCT41_20201231_230000.wav
PHYCUV_F,3.637113,3.96776,INCT41_20201231_230000.wav
