label,min_t,max_t,fname
BOAALB_F,45.865417,46.857357,INCT41_20201121_034500.wav
