label,min_t,max_t,fname
BOAALB_F,56.209934,57.06017,INCT41_20201121_034500.wav
