label,min_t,max_t,fname
BOAALB_F,45.463917,46.290535,INCT41_20201031_220000.wav
