label,min_t,max_t,fname
BOAALB_F,37.622868,38.28416,INCT41_20201031_220000.wav
