label,min_t,max_t,fname
DENCRU_F,10.627929,12.989691,INCT41_20201031_220000.wav
