label,min_t,max_t,fname
BOAALB_F,56.04461,57.107403,INCT41_20201031_220000.wav
DENCRU_F,57.697845,59.988754,INCT41_20201031_220000.wav
