label,min_t,max_t,fname
BOAALB_F,31.222492,32.096344,INCT41_20201031_220000.wav
