label,min_t,max_t,fname
BOAALB_F,43.621742,44.779007,INCT41_20201031_220000.wav
