label,min_t,max_t,fname
BOAALB_F,16.05998,17.831303,INCT41_20201121_214500.wav
BOALUN_F,16.792128,18.764198,INCT41_20201121_214500.wav
