label,min_t,max_t,fname
BOALUN_F,26.853233,29.096907,INCT41_20201121_214500.wav
BOAALB_F,28.45923,29.687347,INCT41_20201121_214500.wav
