label,min_t,max_t,fname
BOAALB_F,22.708342,24.50328,INCT41_20201121_214500.wav
BOALUN_F,23.062605,24.432426,INCT41_20201121_214500.wav
