label,min_t,max_t,fname
BOALUN_F,40.89391,42.771507,INCT41_20201121_214500.wav
