label,min_t,max_t,fname
BOAALB_F,10.12015,12.729897,INCT41_20201121_214500.wav
