label,min_t,max_t,fname
BOALUN_F,59.00862,59.988754,INCT41_20201121_214500.wav
