label,min_t,max_t,fname
BOALUN_F,30.998125,34.02118,INCT41_20201121_214500.wav
