label,min_t,max_t,fname
BOALUN_F,35.50909,38.744705,INCT41_20201121_214500.wav
