label,min_t,max_t,fname
BOAALB_F,46.243298,48.357075,INCT41_20201121_214500.wav
