label,min_t,max_t,fname
BOAALB_F,46.99906,49.360825,INCT41_20210110_224500.wav
