label,min_t,max_t,fname
BOAALB_F,21.362137,22.070665,INCT41_20201030_041500.wav
