label,min_t,max_t,fname
BOAALB_F,56.57437,57.902187,INCT41_20201030_041500.wav
