label,min_t,max_t,fname
BOAALB_F,10.474414,11.230178,INCT41_20201030_041500.wav
