label,min_t,max_t,fname
BOAALB_F,31.883785,33.04105,INCT41_20201030_041500.wav
