label,min_t,max_t,fname
PHYCUV_F,10.16015,13.26036,INCT41_20201031_210000.wav
BOALUN_F,12.282282,12.566814,INCT41_20201031_210000.wav
