label,min_t,max_t,fname
BOAALB_F,40.213802,40.80065,INCT41_20201031_210000.wav
BOAALB_F,42.656033,43.278446,INCT41_20201031_210000.wav
PHYCUV_F,43.32587,43.723026,INCT41_20201031_210000.wav
