label,min_t,max_t,fname
BOALUN_F,7.611221,8.974602,INCT41_20201031_210000.wav
PHYCUV_F,8.861975,9.081301,INCT41_20201031_210000.wav
