label,min_t,max_t,fname
BOAALB_F,22.590626,23.284172,INCT41_20201031_210000.wav
