label,min_t,max_t,fname
PHYCUV_F,50.421375,52.021866,INCT41_20201031_210000.wav
BOALUN_F,50.871883,51.96259,INCT41_20201031_210000.wav
PHYCUV_F,52.555363,52.91103,INCT41_20201031_210000.wav
BOALUN_F,53.51566,54.268482,INCT41_20201031_210000.wav
