label,min_t,max_t,fname
PHYCUV_F,35.032955,35.436043,INCT41_20201031_210000.wav
PHYCUV_F,37.990902,38.35842,INCT41_20201031_210000.wav
