label,min_t,max_t,fname
BOALUN_F,27.56993,28.868105,INCT41_20201031_210000.wav
