label,min_t,max_t,fname
BOAALB_F,45.465782,46.10005,INCT41_20201031_210000.wav
BOALUN_F,46.752106,47.7124,INCT41_20201031_210000.wav
PHYCUV_F,47.65905,48.032497,INCT41_20201031_210000.wav
PHYCUV_F,49.253613,49.62113,INCT41_20201031_210000.wav
