label,min_t,max_t,fname
BOAALB_F,16.247942,16.95927,INCT41_20201031_210000.wav
