label,min_t,max_t,fname
BOAALB_F,22.625679,23.901031,INCT41_20201121_014500.wav
