label,min_t,max_t,fname
BOALUN_F,25.613308,26.723335,INCT41_20210103_201500.wav
