label,min_t,max_t,fname
BOALUN_F,12.470103,13.556513,INCT41_20210103_201500.wav
