label,min_t,max_t,fname
BOALUN_F,5.443861,6.282287,INCT41_20210103_201500.wav
BOALUN_F,8.703093,9.813121,INCT41_20210103_201500.wav
