label,min_t,max_t,fname
BOALUN_F,41.082848,42.14564,INCT41_20210103_201500.wav
