label,min_t,max_t,fname
BOAALB_M,35.89878,37.788193,INCT41_20201114_234500.wav
