label,min_t,max_t,fname
BOAALB_F,11.383692,13.981631,INCT41_20201114_234500.wav
