label,min_t,max_t,fname
BOALUN_F,0.0,0.507779,INCT41_20201213_223000.wav
BOAALB_F,0.0,1.842174,INCT41_20201213_223000.wav
