label,min_t,max_t,fname
BOALUN_F,16.96926,18.457169,INCT41_20201213_223000.wav
