label,min_t,max_t,fname
BOALUN_F,22.283224,23.239737,INCT41_20201213_223000.wav
