label,min_t,max_t,fname
BOALUN_F,35.190254,36.772633,INCT41_20201213_223000.wav
