label,min_t,max_t,fname
BOALUN_F,45.62924,46.928207,INCT41_20201213_223000.wav
