label,min_t,max_t,fname
BOALUN_F,42.027554,43.243862,INCT41_20201213_223000.wav
