label,min_t,max_t,fname
BOALUN_F,27.065792,27.96326,INCT41_20201213_223000.wav
BOAALB_F,27.46729,28.081348,INCT41_20201213_223000.wav
