label,min_t,max_t,fname
BOALUN_F,11.430928,12.564573,INCT41_20201213_223000.wav
