label,min_t,max_t,fname
BOALUN_F,55.97376,57.792313,INCT41_20201213_223000.wav
