label,min_t,max_t,fname
BOALUN_F,35.780693,37.091473,INCT41_20201015_213000.wav
