label,min_t,max_t,fname
BOALUN_F,10.71059,12.139456,INCT41_20201015_213000.wav
PHYMAR_F,13.001499,13.851734,INCT41_20201015_213000.wav
