label,min_t,max_t,fname
BOALUN_F,40.138145,42.240112,INCT41_20201015_213000.wav
