label,min_t,max_t,fname
PHYMAR_F,25.613308,26.451735,INCT41_20201015_213000.wav
