label,min_t,max_t,fname
BOAALB_M,57.249107,59.988754,INCT41_20201124_210000.wav
