label,min_t,max_t,fname
PHYCUV_F,12.044986,12.753514,INCT41_20201124_020000.wav
