label,min_t,max_t,fname
BOAALB_F,37.268604,39.630363,INCT41_20201124_020000.wav
