label,min_t,max_t,fname
PHYCUV_F,0.377882,3.164761,INCT41_20201124_020000.wav
BOAALB_F,3.164761,4.723524,INCT41_20201124_020000.wav
