label,min_t,max_t,fname
PHYCUV_F,31.080788,31.883785,INCT41_20201124_020000.wav
