label,min_t,max_t,fname
BOAALB_M,45.62924,46.278725,INCT41_20200202_191500.wav
BOAALB_F,48.191753,48.758575,INCT41_20200202_191500.wav
