label,min_t,max_t,fname
BOAALB_F,40.291656,40.740395,INCT41_20200202_191500.wav
BOAALB_F,43.06673,43.66898,INCT41_20200202_191500.wav
