label,min_t,max_t,fname
BOAALB_M,31.269728,31.871977,INCT41_20200202_191500.wav
BOAALB_F,34.174694,34.72971,INCT41_20200202_191500.wav
