label,min_t,max_t,fname
BOAALB_F,57.53252,58.075726,INCT41_20200202_191500.wav
