label,min_t,max_t,fname
BOAALB_F,16.485098,17.051922,INCT41_20200202_191500.wav
BOAALB_M,17.85492,18.44536,INCT41_20200202_191500.wav
