label,min_t,max_t,fname
BOAALB_M,50.860542,52.87985,INCT41_20200202_191500.wav
BOAALB_F,54.320522,54.98182,INCT41_20200202_191500.wav
