label,min_t,max_t,fname
BOAALB_M,11.064855,11.631677,INCT41_20200202_191500.wav
BOAALB_F,13.615557,14.28866,INCT41_20200202_191500.wav
