label,min_t,max_t,fname
BOAALB_F,5.207685,5.798126,INCT41_20200202_191500.wav
BOAALB_M,7.415932,7.970946,INCT41_20200202_191500.wav
