label,min_t,max_t,fname
BOAALB_F,26.310028,26.900469,INCT41_20200202_191500.wav
BOAALB_M,26.310028,29.3567,INCT41_20200202_191500.wav
