label,min_t,max_t,fname
BOAALB_M,36.194,36.831676,INCT41_20200202_191500.wav
BOAALB_M,38.862793,39.547703,INCT41_20200202_191500.wav
